entry_date;property_type;Tipology;Condition;Location;Price;areas_sqm;euros/sqm;Latitude;Longitude;Location_2;CodPostal;#quartos;Cod_Condition
21/02/2021;Houses;T4;Used;Ílhavo, Gafanha da Encarnação;570000;175;3257;40.621371234222785;-8.733032026967937; Gafanha da Encarnação;3830;4;4
21/02/2021;Houses;T3;Used;Ílhavo, Gafanha da Encarnação;320000;258;1240;40.621371234222785;-8.733032026967937; Gafanha da Encarnação;3830;3;4
21/02/2021;Houses;T3;Used;Ílhavo, Gafanha da Encarnação;315000;140;2250;40.621371234222785;-8.733032026967937; Gafanha da Encarnação;3830;3;4
21/02/2021;Houses;T4;Used;Ílhavo, Gafanha da Encarnação;237000;194;1222;40.621371234222785;-8.733032026967937; Gafanha da Encarnação;3830;4;4
21/02/2021;Houses;T4;Used;Ílhavo, Gafanha da Encarnação;580000;193;3005;40.621371234222785;-8.733032026967937; Gafanha da Encarnação;3830;4;4
21/02/2021;Houses;T3;Used;Ílhavo, Gafanha da Encarnação;750000;240;3125;40.621371234222785;-8.733032026967937; Gafanha da Encarnação;3830;3;4
21/02/2021;Houses;T4;Used;Ílhavo, Gafanha da Encarnação;375000;98;3827;40.621371234222785;-8.733032026967937; Gafanha da Encarnação;3830;4;4
21/02/2021;Houses;T4;Used;Ílhavo, Gafanha da Encarnação;320000;286;1119;40.621371234222785;-8.733032026967937; Gafanha da Encarnação;3830;4;4
21/02/2021;Houses;T3;Used;Ílhavo, Gafanha da Encarnação;375000;180;2083;40.621371234222785;-8.733032026967937; Gafanha da Encarnação;3830;3;4
21/02/2021;Houses;T3;Used;Ílhavo, Gafanha da Encarnação;375000;98;3827;40.621371234222785;-8.733032026967937; Gafanha da Encarnação;3830;3;4
21/02/2021;Houses;T3;Used;Ílhavo, Gafanha da Encarnação;400000;155;2581;40.621371234222785;-8.733032026967937; Gafanha da Encarnação;3830;3;4
21/02/2021;Houses;T3;Used;Ílhavo, Gafanha da Encarnação;400000;256;1563;40.621371234222785;-8.733032026967937; Gafanha da Encarnação;3830;3;4
21/02/2021;Houses;T3;Used;Ílhavo, Gafanha da Encarnação;265500;143;1857;40.621371234222785;-8.733032026967937; Gafanha da Encarnação;3830;3;4
21/02/2021;Houses;T3;Used;Ílhavo, Gafanha da Encarnação;420000;235;1787;40.621371234222785;-8.733032026967937; Gafanha da Encarnação;3830;3;4
21/02/2021;Houses;T4;Used;Ílhavo, Gafanha da Encarnação;298000;241;1237;40.621371234222785;-8.733032026967937; Gafanha da Encarnação;3830;4;4
21/02/2021;Houses;T3;Used;Ílhavo, Gafanha da Encarnação;420000;119;3529;40.621371234222785;-8.733032026967937; Gafanha da Encarnação;3830;3;4
21/02/2021;Houses;T3;Used;Ílhavo, Gafanha da Encarnação;400000;294;1361;40.621371234222785;-8.733032026967937; Gafanha da Encarnação;3830;3;4
21/02/2021;Houses;T4;Used;Ílhavo, Gafanha da Encarnação;450000;342;1316;40.621371234222785;-8.733032026967937; Gafanha da Encarnação;3830;4;4
21/02/2021;Houses;T3;Used;Ílhavo, Gafanha da Encarnação;375000;121;3099;40.621371234222785;-8.733032026967937; Gafanha da Encarnação;3830;3;4
21/02/2021;Houses;T3;Used;Ílhavo, Gafanha da Encarnação;450000;235;1915;40.621371234222785;-8.733032026967937; Gafanha da Encarnação;3830;3;4
21/02/2021;Houses;T3;Used;Ílhavo, Gafanha da Encarnação;400000;154;2597;40.621371234222785;-8.733032026967937; Gafanha da Encarnação;3830;3;4
21/02/2021;Houses;T2;Used;Ílhavo, Gafanha da Encarnação;459000;134;3425;40.621371234222785;-8.733032026967937; Gafanha da Encarnação;3830;2;4
21/02/2021;Houses;T3;Used;Ílhavo, Gafanha da Encarnação;420000;260;1615;40.621371234222785;-8.733032026967937; Gafanha da Encarnação;3830;3;4
21/02/2021;Houses;T3;Used;Ílhavo, Gafanha da Encarnação;260000;287;906;40.621371234222785;-8.733032026967937; Gafanha da Encarnação;3830;3;4
21/02/2021;Houses;T3;Used;Ílhavo, Gafanha da Encarnação;375000;98;3827;40.621371234222785;-8.733032026967937; Gafanha da Encarnação;3830;3;4
21/02/2021;Houses;T4;Used;Ílhavo, Gafanha da Encarnação;550000;400;1375;40.621371234222785;-8.733032026967937; Gafanha da Encarnação;3830;4;4
21/02/2021;Houses;T4;Used;Ílhavo, Gafanha da Encarnação;295000;90;3278;40.621371234222785;-8.733032026967937; Gafanha da Encarnação;3830;4;4
21/02/2021;Houses;T3;Used;Ílhavo, Gafanha da Encarnação;400000;227;1762;40.621371234222785;-8.733032026967937; Gafanha da Encarnação;3830;3;4
21/02/2021;Houses;T3;Used;Ílhavo, Gafanha da Encarnação;420000;256;1641;40.621371234222785;-8.733032026967937; Gafanha da Encarnação;3830;3;4
21/02/2021;Houses;T3;Used;Ílhavo, Gafanha da Encarnação;199000;176;1131;40.621371234222785;-8.733032026967937; Gafanha da Encarnação;3830;3;4
21/02/2021;Houses;T2;Used;Ílhavo, Gafanha da Encarnação;375000;190;1974;40.621371234222785;-8.733032026967937; Gafanha da Encarnação;3830;2;4
21/02/2021;Houses;T3;Used;Ílhavo, Gafanha da Encarnação;195000;80;2438;40.621371234222785;-8.733032026967937; Gafanha da Encarnação;3830;3;4
21/02/2021;Houses;T3;Used;Ílhavo, Gafanha da Encarnação;250000;200;1250;40.621371234222785;-8.733032026967937; Gafanha da Encarnação;3830;3;4
21/02/2021;Houses;T3;Used;Ílhavo, Gafanha da Encarnação;420000;274;1533;40.621371234222785;-8.733032026967937; Gafanha da Encarnação;3830;3;4
21/02/2021;Houses;T3;Used;Ílhavo, Gafanha da Encarnação;454000;134;3388;40.621371234222785;-8.733032026967937; Gafanha da Encarnação;3830;3;4
21/02/2021;Houses;T3;Used;Ílhavo, Gafanha da Encarnação;420000;269;1561;40.621371234222785;-8.733032026967937; Gafanha da Encarnação;3830;3;4
21/02/2021;Houses;T3;Used;Ílhavo, Gafanha da Encarnação;425000;200;2125;40.621371234222785;-8.733032026967937; Gafanha da Encarnação;3830;3;4
21/02/2021;Houses;T3;Used;Ílhavo, Gafanha da Encarnação;230000;192;1198;40.621371234222785;-8.733032026967937; Gafanha da Encarnação;3830;3;4
21/02/2021;Houses;T3;Used;Ílhavo, Gafanha da Encarnação;344000;192;1792;40.621371234222785;-8.733032026967937; Gafanha da Encarnação;3830;3;4
21/02/2021;Houses;T4;Used;Ílhavo, Gafanha da Encarnação;250000;200;1250;40.621371234222785;-8.733032026967937; Gafanha da Encarnação;3830;4;4
21/02/2021;Houses;T4;Used;Ílhavo, Gafanha da Encarnação;700000;140;5000;40.621371234222785;-8.733032026967937; Gafanha da Encarnação;3830;4;4
21/02/2021;Houses;T3;Used;Ílhavo, Gafanha da Encarnação;230000;180;1278;40.621371234222785;-8.733032026967937; Gafanha da Encarnação;3830;3;4
21/02/2021;Houses;T3;Used;Ílhavo, Gafanha da Encarnação;850000;280;3036;40.621371234222785;-8.733032026967937; Gafanha da Encarnação;3830;3;4
16/02/2021;Houses;T4;Used;Ílhavo, Gafanha da Nazaré;285000;227;1256;40.639276097708986;-8.701167358115226; Gafanha da Nazaré;3830;4;4
16/02/2021;Houses;T4;Used;Ílhavo, Gafanha da Nazaré;260000;178;1461;40.639276097708986;-8.701167358115226; Gafanha da Nazaré;3830;4;4
16/02/2021;Houses;T4;Used;Ílhavo, Gafanha da Nazaré;295000;277;1065;40.639276097708986;-8.701167358115226; Gafanha da Nazaré;3830;4;4
16/02/2021;Houses;T4;Used;Ílhavo, Gafanha da Nazaré;675000;463;1458;40.639276097708986;-8.701167358115226; Gafanha da Nazaré;3830;4;4
16/02/2021;Houses;T4;Used;Ílhavo, Gafanha da Nazaré;385000;272;1415;40.639276097708986;-8.701167358115226; Gafanha da Nazaré;3830;4;4
16/02/2021;Houses;T4;Used;Ílhavo, Gafanha da Nazaré;290000;187;1551;40.639276097708986;-8.701167358115226; Gafanha da Nazaré;3830;4;4
16/02/2021;Houses;T4;Used;Ílhavo, Gafanha da Nazaré;290000;207;1401;40.639276097708986;-8.701167358115226; Gafanha da Nazaré;3830;4;4
16/02/2021;Houses;T4;Used;Ílhavo, Gafanha da Nazaré;330000;240;1375;40.639276097708986;-8.701167358115226; Gafanha da Nazaré;3830;4;4
16/02/2021;Houses;T4;Used;Ílhavo, Gafanha da Nazaré;255000;215;1186;40.639276097708986;-8.701167358115226; Gafanha da Nazaré;3830;4;4
16/02/2021;Houses;T4;Used;Ílhavo, Gafanha da Nazaré;85000;188;452;40.639276097708986;-8.701167358115226; Gafanha da Nazaré;3830;4;4
16/02/2021;Houses;T4;Used;Ílhavo, Gafanha da Nazaré;650000;351;1852;40.639276097708986;-8.701167358115226; Gafanha da Nazaré;3830;4;4
16/02/2021;Houses;T4;Used;Ílhavo, Gafanha da Nazaré;700000;351;1994;40.639276097708986;-8.701167358115226; Gafanha da Nazaré;3830;4;4
16/02/2021;Houses;T4;Used;Ílhavo, Gafanha da Nazaré;295000;178;1657;40.639276097708986;-8.701167358115226; Gafanha da Nazaré;3830;4;4
16/02/2021;Houses;T4;Used;Ílhavo, Gafanha da Nazaré;285000;178;1601;40.639276097708986;-8.701167358115226; Gafanha da Nazaré;3830;4;4
16/02/2021;Houses;T4;Used;Ílhavo, Gafanha da Nazaré;280000;238;1176;40.639276097708986;-8.701167358115226; Gafanha da Nazaré;3830;4;4
16/02/2021;Houses;T4;Used;Ílhavo, Gafanha da Nazaré;700000;182;3846;40.639276097708986;-8.701167358115226; Gafanha da Nazaré;3830;4;4
16/02/2021;Houses;T4;Used;Ílhavo, Gafanha da Nazaré;290000;200;1450;40.639276097708986;-8.701167358115226; Gafanha da Nazaré;3830;4;4
16/02/2021;Houses;T4;Used;Ílhavo, Gafanha da Nazaré;365000;334;1093;40.639276097708986;-8.701167358115226; Gafanha da Nazaré;3830;4;4
16/02/2021;Houses;T4;Used;Ílhavo, Gafanha da Nazaré;237500;240;990;40.639276097708986;-8.701167358115226; Gafanha da Nazaré;3830;4;4
16/02/2021;Houses;T4;Used;Ílhavo, Gafanha da Nazaré;179000;142;1261;40.639276097708986;-8.701167358115226; Gafanha da Nazaré;3830;4;4
16/02/2021;Houses;T4;Used;Ílhavo, Gafanha da Nazaré;290000;617;470;40.639276097708986;-8.701167358115226; Gafanha da Nazaré;3830;4;4
16/02/2021;Houses;T4;Used;Ílhavo, Gafanha da Nazaré;850000;368;2310;40.639276097708986;-8.701167358115226; Gafanha da Nazaré;3830;4;4
16/02/2021;Houses;T4;Used;Ílhavo, Gafanha da Nazaré;290000;203;1429;40.639276097708986;-8.701167358115226; Gafanha da Nazaré;3830;4;4
16/02/2021;Houses;T4;Used;Ílhavo, Gafanha da Nazaré;590000;350;1686;40.639276097708986;-8.701167358115226; Gafanha da Nazaré;3830;4;4
16/02/2021;Houses;T4;Used;Ílhavo, Gafanha da Nazaré;245000;203;1207;40.639276097708986;-8.701167358115226; Gafanha da Nazaré;3830;4;4
16/02/2021;Houses;T4;Used;Ílhavo, Gafanha da Nazaré;590000;325;1815;40.639276097708986;-8.701167358115226; Gafanha da Nazaré;3830;4;4
16/02/2021;Houses;T4;Used;Ílhavo, Gafanha da Nazaré;289000;90;3211;40.639276097708986;-8.701167358115226; Gafanha da Nazaré;3830;4;4
16/02/2021;Houses;T4;Used;Ílhavo, Gafanha da Nazaré;260000;240;1083;40.639276097708986;-8.701167358115226; Gafanha da Nazaré;3830;4;4
16/02/2021;Houses;T4;Used;Ílhavo, Gafanha da Nazaré;260000;178;1461;40.639276097708986;-8.701167358115226; Gafanha da Nazaré;3830;4;4
16/02/2021;Houses;T4;Used;Ílhavo, Gafanha da Nazaré;280000;199;1407;40.639276097708986;-8.701167358115226; Gafanha da Nazaré;3830;4;4
16/02/2021;Houses;T4;Used;Ílhavo, Gafanha da Nazaré;295000;240;1229;40.639276097708986;-8.701167358115226; Gafanha da Nazaré;3830;4;4
16/02/2021;Houses;T4;Used;Ílhavo, Gafanha da Nazaré;260000;198;1313;40.639276097708986;-8.701167358115226; Gafanha da Nazaré;3830;4;4
16/02/2021;Houses;T4;Used;Ílhavo, Gafanha da Nazaré;285000;238;1197;40.639276097708986;-8.701167358115226; Gafanha da Nazaré;3830;4;4
16/02/2021;Houses;T4;Used;Ílhavo, Gafanha da Nazaré;450000;250;1800;40.639276097708986;-8.701167358115226; Gafanha da Nazaré;3830;4;4
16/02/2021;Houses;T4;Used;Ílhavo, Gafanha da Nazaré;330000;275;1200;40.639276097708986;-8.701167358115226; Gafanha da Nazaré;3830;4;4
16/02/2021;Houses;T4;Used;Ílhavo, Gafanha da Nazaré;330000;275;1200;40.639276097708986;-8.701167358115226; Gafanha da Nazaré;3830;4;4
16/02/2021;Houses;T4;Used;Ílhavo, Gafanha da Nazaré;285000;240;1188;40.639276097708986;-8.701167358115226; Gafanha da Nazaré;3830;4;4
16/02/2021;Houses;T4;Used;Ílhavo, Gafanha da Nazaré;265000;164;1616;40.639276097708986;-8.701167358115226; Gafanha da Nazaré;3830;4;4
21/02/2021;Houses;T4;Used;Ílhavo, Gafanha da Nazaré;268000;146;1836;40.639276097708986;-8.701167358115226; Gafanha da Nazaré;3830;4;4
21/02/2021;Houses;T3;Used;Ílhavo, Gafanha da Nazaré;490000;142;3451;40.639276097708986;-8.701167358115226; Gafanha da Nazaré;3830;3;4
21/02/2021;Houses;T3;Used;Ílhavo, Gafanha da Nazaré;255000;210;1214;40.639276097708986;-8.701167358115226; Gafanha da Nazaré;3830;3;4
21/02/2021;Houses;T3;Used;Ílhavo, Gafanha da Nazaré;190000;128;1484;40.639276097708986;-8.701167358115226; Gafanha da Nazaré;3830;3;4
21/02/2021;Houses;T3;Used;Ílhavo, Gafanha da Nazaré;490000;141;3475;40.639276097708986;-8.701167358115226; Gafanha da Nazaré;3830;3;4
21/02/2021;Houses;T2;Used;Ílhavo, Gafanha da Nazaré;159000;140;1136;40.639276097708986;-8.701167358115226; Gafanha da Nazaré;3830;2;4
21/02/2021;Houses;T3;Used;Ílhavo, Gafanha da Nazaré;290000;187;1551;40.639276097708986;-8.701167358115226; Gafanha da Nazaré;3830;3;4
21/02/2021;Houses;T2;Used;Ílhavo, Gafanha da Nazaré;159000;100;1590;40.639276097708986;-8.701167358115226; Gafanha da Nazaré;3830;2;4
21/02/2021;Houses;T3;Used;Ílhavo, Gafanha da Nazaré;175000;243;720;40.639276097708986;-8.701167358115226; Gafanha da Nazaré;3830;3;4
21/02/2021;Houses;T3;Used;Ílhavo, Gafanha da Nazaré;255000;191;1335;40.639276097708986;-8.701167358115226; Gafanha da Nazaré;3830;3;4
21/02/2021;Houses;T3;Used;Ílhavo, Gafanha da Nazaré;260000;260;1000;40.639276097708986;-8.701167358115226; Gafanha da Nazaré;3830;3;4
21/02/2021;Houses;T2;Used;Ílhavo, Gafanha da Nazaré;90000;110;818;40.639276097708986;-8.701167358115226; Gafanha da Nazaré;3830;2;4
21/02/2021;Houses;T2;Used;Ílhavo, Gafanha da Nazaré;155000;105;1476;40.639276097708986;-8.701167358115226; Gafanha da Nazaré;3830;2;4
21/02/2021;Houses;T3;Used;Ílhavo, Gafanha da Nazaré;85000;188;452;40.639276097708986;-8.701167358115226; Gafanha da Nazaré;3830;3;4
21/02/2021;Houses;T2;Used;Ílhavo, Gafanha da Nazaré;160000;150;1067;40.639276097708986;-8.701167358115226; Gafanha da Nazaré;3830;2;4
21/02/2021;Houses;T3;Used;Ílhavo, Gafanha da Nazaré;380000;185;2054;40.639276097708986;-8.701167358115226; Gafanha da Nazaré;3830;3;4
21/02/2021;Houses;T2;Used;Ílhavo, Gafanha da Nazaré;160000;140;1143;40.639276097708986;-8.701167358115226; Gafanha da Nazaré;3830;2;4
21/02/2021;Houses;T2;Used;Ílhavo, Gafanha da Nazaré;160000;130;1231;40.639276097708986;-8.701167358115226; Gafanha da Nazaré;3830;2;4
21/02/2021;Houses;T3;Used;Ílhavo, Gafanha do Carmo;49900;90;554;40.59135573136268;-8.740406851742511; Gafanha do Carmo;3830;3;4
21/02/2021;Houses;T4;Used;Ílhavo, Gafanha do Carmo;325000;320;1016;40.59135573136268;-8.740406851742511; Gafanha do Carmo;3830;4;4
21/02/2021;Houses;T3;Used;Ílhavo, Gafanha do Carmo;85000;229;371;40.59135573136268;-8.740406851742511; Gafanha do Carmo;3830;3;4
21/02/2021;Houses;T2;Used;Ílhavo, São Salvador;199000;160;1244;40.603611;-8.671111; São Salvador;3830;2;4
21/02/2021;Houses;T3;Used;Ílhavo, São Salvador;129000;60;2150;40.603611;-8.671111; São Salvador;3830;3;4
21/02/2021;Houses;T4;Used;Ílhavo, São Salvador;299500;222;1349;40.603611;-8.671111; São Salvador;3830;4;4
21/02/2021;Houses;T3;Used;Ílhavo, São Salvador;95000;157;605;40.603611;-8.671111; São Salvador;3830;3;4
21/02/2021;Houses;T2;Used;Ílhavo, São Salvador;80000;280;286;40.603611;-8.671111; São Salvador;3830;2;4
21/02/2021;Houses;T3;Used;Ílhavo, São Salvador;225000;204;1103;40.603611;-8.671111; São Salvador;3830;3;4
21/02/2021;Houses;T3;Used;Ílhavo, São Salvador;139000;110;1264;40.603611;-8.671111; São Salvador;3830;3;4
21/02/2021;Houses;T4;Used;Ílhavo, São Salvador;150000;200;750;40.603611;-8.671111; São Salvador;3830;4;4
21/02/2021;Houses;T3;Used;Ílhavo, São Salvador;320000;172;1860;40.603611;-8.671111; São Salvador;3830;3;4
21/02/2021;Houses;T4;Used;Ílhavo, São Salvador;115500;260;444;40.603611;-8.671111; São Salvador;3830;4;4
21/02/2021;Houses;T3;Used;Ílhavo, São Salvador;69900;75;932;40.603611;-8.671111; São Salvador;3830;3;4
21/02/2021;Houses;T3;Used;Ílhavo, São Salvador;148000;80;1850;40.603611;-8.671111; São Salvador;3830;3;4
21/02/2021;Houses;T4;Used;Ílhavo, São Salvador;130000;200;650;40.603611;-8.671111; São Salvador;3830;4;4
21/02/2021;Houses;T4;Used;Ílhavo, São Salvador;550000;248;2218;40.603611;-8.671111; São Salvador;3830;4;4
21/02/2021;Houses;T4;Used;Ílhavo, São Salvador;350000;300;1167;40.603611;-8.671111; São Salvador;3830;4;4
21/02/2021;Houses;T4;Used;Ílhavo, São Salvador;225000;204;1103;40.603611;-8.671111; São Salvador;3830;4;4
21/02/2021;Houses;T3;Used;Ílhavo, São Salvador;120000;100;1200;40.603611;-8.671111; São Salvador;3830;3;4
21/02/2021;Houses;T3;Used;Ílhavo, São Salvador;260000;210;1238;40.603611;-8.671111; São Salvador;3830;3;4
21/02/2021;Houses;T2;Used;Ílhavo, São Salvador;100000;67;1493;40.603611;-8.671111; São Salvador;3830;2;4
21/02/2021;Houses;T2;Used;Ílhavo, São Salvador;128000;65;1969;40.603611;-8.671111; São Salvador;3830;2;4
21/02/2021;Houses;T2;Used;Ílhavo, São Salvador;125000;80;1563;40.603611;-8.671111; São Salvador;3830;2;4
21/02/2021;Houses;T2;Used;Ílhavo, São Salvador;125000;72;1736;40.603611;-8.671111; São Salvador;3830;2;4
21/02/2021;Houses;T3;Used;Ílhavo, São Salvador;75000;75;1000;40.603611;-8.671111; São Salvador;3830;3;4
21/02/2021;Houses;T3;Used;Ílhavo, São Salvador;269000;150;1793;40.603611;-8.671111; São Salvador;3830;3;4
21/02/2021;Houses;T3;Used;Ílhavo, São Salvador;230000;230;1000;40.603611;-8.671111; São Salvador;3830;3;4
21/02/2021;Houses;T3;Used;Ílhavo, São Salvador;240000;155;1548;40.603611;-8.671111; São Salvador;3830;3;4
21/02/2021;Houses;T3;Used;Ílhavo, São Salvador;230000;160;1438;40.603611;-8.671111; São Salvador;3830;3;4
21/02/2021;Houses;T2;Used;Ílhavo, São Salvador;130000;75;1733;40.603611;-8.671111; São Salvador;3830;2;4
21/02/2021;Houses;T3;Used;Ílhavo, São Salvador;225000;200;1125;40.603611;-8.671111; São Salvador;3830;3;4
21/02/2021;Houses;T4;Used;Ílhavo, São Salvador;340000;195;1744;40.603611;-8.671111; São Salvador;3830;4;4
21/02/2021;Houses;T2;Used;Ílhavo, São Salvador;95216;123;774;40.603611;-8.671111; São Salvador;3830;2;4
21/02/2021;Houses;T2;Used;Ílhavo, São Salvador;45000;48;938;40.603611;-8.671111; São Salvador;3830;2;4
21/02/2021;Houses;T2;Used;Ílhavo, São Salvador;130000;56;2321;40.603611;-8.671111; São Salvador;3830;2;4
21/02/2021;Houses;T2;Used;Ílhavo, São Salvador;130000;81;1605;40.603611;-8.671111; São Salvador;3830;2;4
21/02/2021;Houses;T3;Used;Ílhavo, São Salvador;125000;72;1736;40.603611;-8.671111; São Salvador;3830;3;4
21/02/2021;Houses;T3;Used;Ílhavo, São Salvador;90000;136;662;40.603611;-8.671111; São Salvador;3830;3;4
21/02/2021;Houses;T3;Used;Ílhavo, São Salvador;230000;190;1211;40.603611;-8.671111; São Salvador;3830;3;4
21/02/2021;Houses;T2;Used;Ílhavo, São Salvador;165000;142;1162;40.603611;-8.671111; São Salvador;3830;2;4
21/02/2021;Houses;T2;Used;Ílhavo, São Salvador;165000;75;2200;40.603611;-8.671111; São Salvador;3830;2;4
21/02/2021;Houses;T2;Used;Ílhavo, São Salvador;125000;70;1786;40.603611;-8.671111; São Salvador;3830;2;4
21/02/2021;Houses;T4;New;Ílhavo, Gafanha da Encarnação;375000;97;3866;41;9; Gafanha da Encarnação;3830;4;6
21/02/2021;Houses;T3;Used;Ílhavo, Gafanha da Encarnação;375000;97;3866;41;9; Gafanha da Encarnação;3830;3;4
21/02/2021;Houses;T3;Used;Ílhavo, Gafanha da Encarnação;237000;227;1044;41;9; Gafanha da Encarnação;3830;3;4
21/02/2021;Houses;T3;New;Ílhavo, Gafanha da Encarnação;450000;260;1731;41;9; Gafanha da Encarnação;3830;3;6
21/02/2021;Houses;T3;Under Construction;Ílhavo, Gafanha da Encarnação;240000;144;1667;41;9; Gafanha da Encarnação;3830;3;3
21/02/2021;Houses;T4;Used;Ílhavo, Gafanha da Encarnação;425000;356;1194;41;9; Gafanha da Encarnação;3830;4;4
21/02/2021;Houses;T3;Used;Ílhavo, Gafanha da Encarnação;459000;239;1921;41;9; Gafanha da Encarnação;3830;3;4
21/02/2021;Houses;T3;New;Ílhavo, Gafanha da Encarnação;375000;151;2483;41;9; Gafanha da Encarnação;3830;3;6
21/02/2021;Houses;T4;Used;Ílhavo, Gafanha da Encarnação;399000;362;1102;41;9; Gafanha da Encarnação;3830;4;4
16/02/2021;Houses;T4;Under Project;Ílhavo, Gafanha da Nazaré;280000;200;1400;41;9; Gafanha da Nazaré;3830;4;2
16/02/2021;Houses;T4;Under Project;Ílhavo, Gafanha da Nazaré;260000;177;1469;41;9; Gafanha da Nazaré;3830;4;2
16/02/2021;Houses;T4;Under Project;Ílhavo, Gafanha da Nazaré;295000;177;1667;41;9; Gafanha da Nazaré;3830;4;2
16/02/2021;Houses;T4;Under Project;Ílhavo, Gafanha da Nazaré;285000;177;1610;41;9; Gafanha da Nazaré;3830;4;2
16/02/2021;Houses;T4;Used;Ílhavo, Gafanha da Nazaré;235000;513;458;41;9; Gafanha da Nazaré;3830;4;4
16/02/2021;Houses;T4;Used;Ílhavo, Gafanha da Nazaré;280000;295;949;41;9; Gafanha da Nazaré;3830;4;4
16/02/2021;Houses;T4;Used;Ílhavo, Gafanha da Nazaré;85000;187;455;41;9; Gafanha da Nazaré;3830;4;4
16/02/2021;Houses;T4;Used;Ílhavo, Gafanha da Nazaré;210000;233;901;41;9; Gafanha da Nazaré;3830;4;4
16/02/2021;Houses;T4;Used;Ílhavo, Gafanha da Nazaré;700000;181;3867;41;9; Gafanha da Nazaré;3830;4;4
21/02/2021;Houses;T3;Used;Ílhavo, Gafanha da Nazaré;260000;260;1000;41;9; Gafanha da Nazaré;3830;3;4
21/02/2021;Houses;T3;Used;Ílhavo, Gafanha da Nazaré;159000;106;1500;41;9; Gafanha da Nazaré;3830;3;4
21/02/2021;Houses;T3;Under Construction;Ílhavo, Gafanha da Nazaré;675000;463;1458;41;9; Gafanha da Nazaré;3830;3;3
21/02/2021;Houses;T3;Used;Ílhavo, Gafanha da Nazaré;675000;210;3214;41;9; Gafanha da Nazaré;3830;3;4
21/02/2021;Houses;T3;Used;Ílhavo, Gafanha da Nazaré;255000;209;1220;41;9; Gafanha da Nazaré;3830;3;4
21/02/2021;Houses;T3;Used;Ílhavo, Gafanha da Nazaré;700000;266;2632;41;9; Gafanha da Nazaré;3830;3;4
21/02/2021;Houses;T3;Used;Ílhavo, Gafanha da Nazaré;395000;168;2351;41;9; Gafanha da Nazaré;3830;3;4
21/02/2021;Houses;T2;Renovated;Ílhavo, São Salvador;130000;100;1300;41;9; São Salvador;3830;2;5
21/02/2021;Houses;T2;Renovated;Ílhavo, São Salvador;128000;64;2000;41;9; São Salvador;3830;2;5
21/02/2021;Houses;T3;Under Construction;Ílhavo, São Salvador;189500;140;1354;41;9; São Salvador;3830;3;3
21/02/2021;Houses;T2;Used;Ílhavo, São Salvador;95000;65;1462;41;9; São Salvador;3830;2;4
21/02/2021;Houses;T2;Used;Ílhavo, São Salvador;130000;70;1857;41;9; São Salvador;3830;2;4
21/02/2021;Houses;T3;Renovated;Ílhavo, São Salvador;139000;64;2172;41;9; São Salvador;3830;3;5
21/02/2021;Houses;T4;Used;Ílhavo, São Salvador;320000;171;1871;41;9; São Salvador;3830;4;4
21/02/2021;Houses;T2;Renovated;Ílhavo, São Salvador;135000;90;1500;41;9; São Salvador;3830;2;5
21/02/2021;Houses;T4;Used;Ílhavo, São Salvador;290000;227;1278;41;9; São Salvador;3830;4;4
21/02/2021;Houses;T2;Used;Ílhavo, São Salvador;165000;65;2538;41;9; São Salvador;3830;2;4
21/02/2021;Houses;T4;Used;Ílhavo, São Salvador;448000;135;3319;41;9; São Salvador;3830;4;4
21/02/2021;Houses;T4;Used;Ílhavo, São Salvador;320000;300;1067;41;9; São Salvador;3830;4;4
21/02/2021;Houses;T3;Used;Ílhavo, São Salvador;265000;204;1299;41;9; São Salvador;3830;3;4
21/02/2021;Houses;T2;Used;Ílhavo, São Salvador;130000;56;2321;41;9; São Salvador;3830;2;4
21/02/2021;Houses;T2;Renovated;Ílhavo, São Salvador;165000;106;1557;41;9; São Salvador;3830;2;5
21/02/2021;Houses;T2;New;Ílhavo, São Salvador;145000;76;1908;41;9; São Salvador;3830;2;6
21/02/2021;Houses;T2;New;Ílhavo, São Salvador;130000;71;1831;41;9; São Salvador;3830;2;6
21/02/2021;Houses;T4;Used;Ílhavo, São Salvador;340000;227;1498;41;9; São Salvador;3830;4;4
21/02/2021;Houses;T4;Used;Ílhavo, São Salvador;215000;178;1208;41;9; São Salvador;3830;4;4
21/02/2021;Houses;T2;To Recuperate;Ílhavo, São Salvador;69000;106;651;41;9; São Salvador;3830;2;1
13/05/2021;Houses;T5;Used;Ílhavo, Gafanha da Nazaré;265000;200;1325;41;9; Gafanha da Nazaré;3830;5;4
13/05/2021;Houses;T6;Used;Ílhavo, Gafanha da Encarnação;420000;190;2211;41;9; Gafanha da Encarnação;3830;6;4
13/05/2021;Houses;T4;New;Aveiro, Aradas;395000;250;1580;41;9; Aradas;3810;4;6
13/05/2021;Houses;T4;Used;Aveiro,Aveiro,Cacia;290000;261;1111;41;9;Cacia;3800;4;4
13/05/2021;Houses;T4;Used;Aveiro, Eixo e Eirol;260000;232;1121;41;9; Eixo e Eirol;3800;4;4
13/05/2021;Houses;T3;New;Aveiro,Aveiro,Esgueira;198000;178;1112;41;9;Esgueira;3800;3;6
13/05/2021;Houses;T3;Under Construction;Aveiro, Aradas;375000;280;1339;41;9; Aradas;3810;3;3
13/05/2021;Houses;T6;Used;Aveiro, Eixo e Eirol;52000;125;416;41;9; Eixo e Eirol;3800;6;4
13/05/2021;Houses;T6;To Recuperate;Aveiro,Aveiro,Cacia;175000;376;465;41;9;Cacia;3800;6;1
13/05/2021;Houses;T2;Renovated;Aveiro,Aveiro,Esgueira;320000;110;2909;41;9;Esgueira;3800;2;5
13/05/2021;Houses;T6;Used;Ílhavo, Gafanha da Nazaré;280000;300;933;41;9; Gafanha da Nazaré;3830;6;4
13/05/2021;Houses;T5;Used;Ílhavo, Gafanha da Encarnação;210000;143;1469;41;9; Gafanha da Encarnação;3830;5;4
13/05/2021;Houses;T3;New;Aveiro,Aveiro,Cacia;225000;189;1190;41;9;Cacia;3800;3;6
08/05/2019;Houses;T2;Ruin;Aveiro,Aveiro,Esgueira;88000;311;283;40.64981569436989;-8.628535670843293;Esgueira;3800;2;0
13/05/2021;Houses;T3;Under Construction;Aveiro, Aradas;220000;150;1467;41;9; Aradas;3810;3;3
13/05/2021;Houses;T5;Used;Aveiro, Eixo e Eirol;255000;232;1099;41;9; Eixo e Eirol;3800;5;4
13/05/2021;Houses;T3;Under Construction;Aveiro,Aveiro,Cacia;235000;150;1567;41;9;Cacia;3800;3;3
13/05/2021;Houses;T3;Used;Ílhavo, Gafanha da Encarnação;650000;141;4610;41;9; Gafanha da Encarnação;3830;3;4
13/05/2021;Houses;T3;Used;Aveiro, Aradas;125000;108;1157;41;9; Aradas;3810;3;4
13/05/2021;Houses;T5;Used;Aveiro,Aveiro,Cacia;295000;245;1204;41;9;Cacia;3800;5;4
13/05/2021;Houses;T3;Under Construction;Aveiro, Eixo e Eirol;296000;210;1410;41;9; Eixo e Eirol;3800;3;3
13/05/2021;Houses;T3;Used;Aveiro, Eixo e Eirol;245000;146;1678;41;9; Eixo e Eirol;3800;3;4
28/10/2019;Houses;T3;Used;Aveiro, Glória e Vera Cruz;395000;133;2970;41;9; Glória e Vera Cruz;3800;3;4
13/05/2021;Houses;T3;Renovated;Aveiro,Aveiro,Esgueira;198000;108;1833;41;9;Esgueira;3800;3;5
13/05/2021;Houses;T6;Used;Ílhavo, Gafanha da Nazaré;455000;190;2395;41;9; Gafanha da Nazaré;3830;6;4
13/05/2021;Houses;T4;Used;Aveiro, Eixo e Eirol;295000;296;997;41;9; Eixo e Eirol;3800;4;4
28/10/2019;Houses;T4;Under Project;Aveiro,Aveiro,Esgueira;395000;242;1632;41;9;Esgueira;3800;4;2
13/05/2021;Houses;T5;Renovated;Aveiro,Aveiro,Cacia;295000;220;1341;41;9;Cacia;3800;5;5
13/05/2021;Houses;T4;Used;Aveiro, Glória e Vera Cruz;650000;256;2539;41;9; Glória e Vera Cruz;3800;4;4
13/05/2021;Houses;T4;New;Aveiro, Eixo e Eirol;145000;156;929;41;9; Eixo e Eirol;3800;4;6
13/05/2021;Houses;T2;Used;Aveiro,Aveiro,Cacia;45000;248;181;41;9;Cacia;3800;2;4
13/05/2021;Houses;T4;New;Aveiro, Glória e Vera Cruz;423150;160;2645;41;9; Glória e Vera Cruz;3800;4;6
13/05/2021;Houses;T3;Used;Aveiro, Aradas;141500;84;1685;41;9; Aradas;3810;3;4
13/05/2021;Houses;T5;New;Aveiro,Aveiro,Esgueira;435000;244;1783;41;9;Esgueira;3800;5;6
13/05/2021;Houses;T4;Under Construction;Aveiro,Aveiro,Cacia;310000;300;1033;41;9;Cacia;3800;4;3
13/05/2021;Houses;T4;New;Aveiro, Glória e Vera Cruz;417900;215;1944;41;9; Glória e Vera Cruz;3800;4;6
13/05/2021;Houses;T4;Used;Aveiro, Eixo e Eirol;329000;266;1237;41;9; Eixo e Eirol;3800;4;4
13/05/2021;Houses;T6;Used;Ílhavo, Gafanha da Encarnação;375000;262;1431;41;9; Gafanha da Encarnação;3830;6;4
13/05/2021;Houses;T3;Used;Aveiro,Aveiro,Esgueira;205000;150;1367;41;9;Esgueira;3800;3;4
13/05/2021;Houses;T3;New;Aveiro, Aradas;375000;286;1311;41;9; Aradas;3810;3;6
28/10/2019;Houses;T3;Used;Aveiro, Glória e Vera Cruz;420000;180;2333;41;9; Glória e Vera Cruz;3800;3;4
13/05/2021;Houses;T4;Used;Ílhavo, Gafanha da Encarnação;239000;217;1101;41;9; Gafanha da Encarnação;3830;4;4
13/05/2021;Houses;T3;Under Construction;Aveiro,Aveiro,Cacia;237500;190;1250;41;9;Cacia;3800;3;3
13/05/2021;Houses;T4;Under Project;Aveiro, Aradas;385000;220;1750;41;9; Aradas;3810;4;2
13/05/2021;Houses;T3;Used;Aveiro,Aveiro,Esgueira;198000;150;1320;41;9;Esgueira;3800;3;4
13/05/2021;Houses;T3;Under Construction;Aveiro,Aveiro,Cacia;215000;190;1132;41;9;Cacia;3800;3;3
13/05/2021;Houses;T4;Under Construction;Aveiro, Glória e Vera Cruz;420000;300;1400;41;9; Glória e Vera Cruz;3800;4;3
13/05/2021;Houses;T3;Used;Aveiro,Aveiro,Esgueira;65000;117;556;41;9;Esgueira;3800;3;4
30/11/2018;Houses;T4;Used;Aveiro, Glória e Vera Cruz;440000;230;1913;41;9; Glória e Vera Cruz;3800;4;4
13/05/2021;Houses;T4;Under Construction;Aveiro,Aveiro,Cacia;300000;230;1304;41;9;Cacia;3800;4;3
13/05/2021;Houses;T3;Under Construction;Aveiro, Aradas;349000;286;1220;41;9; Aradas;3810;3;3
13/05/2021;Houses;T5;Used;Aveiro, Eixo e Eirol;249000;232;1073;41;9; Eixo e Eirol;3800;5;4
13/05/2021;Houses;T3;Used;Aveiro,Aveiro,Cacia;175000;400;438;41;9;Cacia;3800;3;4
13/05/2021;Houses;T4;New;Aveiro,Aveiro,Esgueira;465000;293;1587;41;9;Esgueira;3800;4;6
13/05/2021;Houses;T3;New;Aveiro, Aradas;285000;144;1979;41;9; Aradas;3810;3;6
13/05/2021;Houses;T4;Used;Aveiro,Aveiro,Esgueira;198750;189;1052;41;9;Esgueira;3800;4;4
13/05/2021;Houses;T5;Used;Aveiro,Aveiro,Cacia;295000;250;1180;41;9;Cacia;3800;5;4
13/05/2021;Houses;T5;Used;Aveiro,Aveiro,Esgueira;278000;203;1369;41;9;Esgueira;3800;5;4
13/05/2021;Houses;T5;Used;Aveiro, Aradas;200000;80;2500;41;9; Aradas;3810;5;4
13/05/2021;Houses;T4;New;Aveiro,Aveiro,Cacia;315000;300;1050;41;9;Cacia;3800;4;6
13/05/2021;Houses;T3;Renovated;Aveiro,Aveiro,Esgueira;205000;108;1898;41;9;Esgueira;3800;3;5
13/05/2021;Houses;T4;Used;Aveiro,Aveiro,Cacia;175000;176;994;41;9;Cacia;3800;4;4
13/05/2021;Houses;T3;Renovated;Aveiro, Glória e Vera Cruz;380000;126;3016;41;9; Glória e Vera Cruz;3800;3;5
13/05/2021;Houses;T4;Used;Aveiro, Aradas;268000;257;1043;41;9; Aradas;3810;4;4
13/05/2021;Houses;T4;Under Construction;Aveiro,Aveiro,Cacia;235000;131;1794;41;9;Cacia;3800;4;3
13/05/2021;Houses;T4;New;Aveiro, Glória e Vera Cruz;423150;221;1915;41;9; Glória e Vera Cruz;3800;4;6
13/05/2021;Houses;T3;Used;Aveiro,Aveiro,Esgueira;65000;95;684;41;9;Esgueira;3800;3;4
13/05/2021;Houses;T4;New;Aveiro,Aveiro,Cacia;215000;270;796;41;9;Cacia;3800;4;6
13/05/2021;Houses;T6;Used;Aveiro, Aradas;500000;271;1845;41;9; Aradas;3810;6;4
13/05/2021;Houses;T4;Used;Aveiro,Aveiro,Cacia;340000;260;1308;41;9;Cacia;3800;4;4
13/05/2021;Houses;T5;Used;Aveiro,Aveiro,Esgueira;292500;253;1156;41;9;Esgueira;3800;5;4
13/05/2021;Houses;T3;Used;Aveiro, Glória e Vera Cruz;460000;205;2244;41;9; Glória e Vera Cruz;3800;3;4
13/05/2021;Houses;T5;Used;Ílhavo, Gafanha da Nazaré;235000;220;1068;40;8; Gafanha da Nazaré;3830;5;4
13/05/2021;Houses;T3;Under Construction;Aveiro,Aveiro,Cacia;235000;260;904;41;9;Cacia;3800;3;3
13/05/2021;Houses;T2;Used;Aveiro, Aradas;95000;120;792;41;9; Aradas;3810;2;4
13/05/2021;Houses;T4;Used;Aveiro, Glória e Vera Cruz;440000;220;2000;41;9; Glória e Vera Cruz;3800;4;4
13/05/2021;Houses;T4;Used;Aveiro,Aveiro,Esgueira;350000;381;919;41;9;Esgueira;3800;4;4
13/05/2021;Houses;T6;Used;Ílhavo, Gafanha da Nazaré;235000;541;434;41;9; Gafanha da Nazaré;3830;6;4
08/05/2019;Houses;T4;Under Project;Aveiro,Aveiro,Oliveirinha;500000;270;1852;40.607778;-8.591389;Oliveirinha;3880;4;2
13/05/2021;Houses;T6;Used;Ílhavo, São Salvador;125000;125;1000;41;9; São Salvador;3830;6;4
13/05/2021;Houses;T4;New;Aveiro, Glória e Vera Cruz;417900;216;1935;41;9; Glória e Vera Cruz;3800;4;6
08/05/2019;Houses;T4;Used;Aveiro,Aveiro,Esgueira;318000;270;1178;40.64981569436989;-8.628535670843293;Esgueira;3800;4;4
13/05/2021;Houses;T5;Used;Ílhavo, Gafanha da Nazaré;235000;242;971;41;9; Gafanha da Nazaré;3830;5;4
13/05/2021;Houses;T2;Used;Ílhavo, São Salvador;85000;70;1214;41;9; São Salvador;3830;2;4
13/05/2021;Houses;T4;Used;Aveiro,Aveiro,Oliveirinha;250000;260;962;41;9;Oliveirinha;3880;4;4
13/05/2021;Houses;T6;To Recuperate;Aveiro,Aveiro,Cacia;175000;400;438;41;9;Cacia;3800;6;1
28/10/2019;Houses;T3;Used;Aveiro, Glória e Vera Cruz;420000;160;2625;41;9; Glória e Vera Cruz;3800;3;4
13/05/2021;Houses;T5;Under Construction;Aveiro,Aveiro,Esgueira;125000;296;422;41;9;Esgueira;3800;5;3
13/05/2021;Houses;T2;Under Construction;Ílhavo, São Salvador;155000;70;2214;41;9; São Salvador;3830;2;3
13/05/2021;Houses;T4;New;Aveiro,Aveiro,Oliveirinha;260000;239;1088;41;9;Oliveirinha;3880;4;6
01/10/2019;Houses;T4;Used;Aveiro,Aveiro,Cacia;220000;360;611;40.68986486671045;-8.596442177700911;Cacia;3800;4;4
13/05/2021;Houses;T4;Under Construction;Aveiro, Aradas;385000;320;1203;41;9; Aradas;3810;4;3
28/10/2019;Houses;T4;Under Project;Aveiro,Aveiro,Esgueira;750000;327;2294;40.64981569436989;-8.628535670843293;Esgueira;3800;4;2
28/10/2019;Houses;T4;New;Aveiro,Aveiro,Oliveirinha;270000;495;545;40.607778;-8.591389;Oliveirinha;3880;4;6
13/05/2021;Houses;T4;Under Construction;Aveiro,Aveiro,Esgueira;700000;350;2000;41;9;Esgueira;3800;4;3
13/05/2021;Houses;T3;New;Aveiro, Aradas;220000;151;1457;41;9; Aradas;3810;3;6
13/05/2021;Houses;T4;New;Aveiro,Aveiro,Cacia;300000;240;1250;41;9;Cacia;3800;4;6
13/05/2021;Houses;T3;Under Construction;Ílhavo, Gafanha da Nazaré;279000;143;1951;41;9; Gafanha da Nazaré;3830;3;3
13/05/2021;Houses;T3;New;Aveiro,Aveiro,Oliveirinha;415000;266;1560;41;9;Oliveirinha;3880;3;6
13/05/2021;Houses;T3;Used;Aveiro,Aveiro,Esgueira;350000;295;1186;41;9;Esgueira;3800;3;4
13/05/2021;Houses;T3;Used;Ílhavo, Gafanha da Nazaré;209990;222;946;41;9; Gafanha da Nazaré;3830;3;4
13/05/2021;Houses;T3;Ruin;Aveiro, Aradas;95000;70;1357;41;9; Aradas;3810;3;0
13/05/2021;Houses;T5;Used;Aveiro,Aveiro,Cacia;294000;220;1336;41;9;Cacia;3800;5;4
13/05/2021;Houses;T5;Used;Aveiro,Aveiro,Oliveirinha;1900000;350;5429;41;9;Oliveirinha;3880;5;4
07/09/2020;Houses;T4;Used;Ílhavo, São Salvador;258500;195;1326;40.603611;-8.671111; São Salvador;3830;4;4
13/05/2021;Houses;T4;Used;Aveiro, Aradas;449000;400;1123;41;9; Aradas;3810;4;4
28/10/2019;Houses;T4;New;Aveiro,Aveiro,Oliveirinha;260000;418;622;40.607778;-8.591389;Oliveirinha;3880;4;6
13/05/2021;Houses;T3;Under Construction;Aveiro,Aveiro,Cacia;235000;230;1022;41;9;Cacia;3800;3;3
13/05/2021;Houses;T3;Used;Ílhavo, São Salvador;165000;100;1650;41;9; São Salvador;3830;3;4
13/05/2021;Houses;T4;New;Aveiro, Aradas;385000;234;1645;41;9; Aradas;3810;4;6
13/05/2021;Houses;T5;Used;Aveiro, Glória e Vera Cruz;710000;360;1972;41;9; Glória e Vera Cruz;3800;5;4
13/05/2021;Houses;T4;Under Construction;Aveiro,Aveiro,Esgueira;265000;260;1019;41;9;Esgueira;3800;4;3
13/05/2021;Houses;T3;Used;Aveiro,Aveiro,Cacia;235000;131;1794;41;9;Cacia;3800;3;4
13/05/2021;Houses;T2;Used;Ílhavo, São Salvador;155000;98;1582;41;9; São Salvador;3830;2;4
13/05/2021;Houses;T3;Used;Aveiro, Glória e Vera Cruz;395000;147;2687;41;9; Glória e Vera Cruz;3800;3;4
13/05/2021;Houses;T5;Used;Aveiro,Aveiro,Oliveirinha;330000;330;1000;41;9;Oliveirinha;3880;5;4
30/11/2018;Houses;T5;Used;Aveiro, Glória e Vera Cruz;600000;200;3000;41;9; Glória e Vera Cruz;3800;5;4
13/05/2021;Houses;T4;Under Construction;Aveiro, Aradas;385000;225;1711;41;9; Aradas;3810;4;3
13/05/2021;Houses;T5;New;Ílhavo, Gafanha da Nazaré;625000;298;2097;41;9; Gafanha da Nazaré;3830;5;6
13/05/2021;Houses;T3;Used;Aveiro,Aveiro,Esgueira;350000;382;916;41;9;Esgueira;3800;3;4
13/05/2021;Houses;T6;Used;Aveiro,Aveiro,Cacia;350000;505;693;41;9;Cacia;3800;6;4
13/05/2021;Houses;T4;New;Aveiro,Aveiro,Oliveirinha;270000;400;675;41;9;Oliveirinha;3880;4;6
28/10/2019;Houses;T4;Under Construction;Aveiro, Glória e Vera Cruz;525000;280;1875;41;9; Glória e Vera Cruz;3800;4;3
13/05/2021;Houses;T3;Under Construction;Aveiro,Aveiro,Cacia;225000;150;1500;41;9;Cacia;3800;3;3
13/05/2021;Houses;T3;Used;Aveiro, Nossa Senhora de Fátima e Nariz;85000;131;649;41;9; Nossa Senhora de Fátima e Nariz;3810;3;4
13/05/2021;Houses;T2;Used;Ílhavo, São Salvador;105000;73;1438;41;9; São Salvador;3830;2;4
13/05/2021;Houses;T5;Used;Aveiro,Aveiro,Esgueira;435000;325;1338;41;9;Esgueira;3800;5;4
13/05/2021;Houses;T3;Used;Aveiro, Aradas;245000;160;1531;41;9; Aradas;3810;3;4
13/05/2021;Houses;T3;Under Project;Aveiro, Nossa Senhora de Fátima e Nariz;210000;180;1167;41;9; Nossa Senhora de Fátima e Nariz;3810;3;2
13/05/2021;Houses;T3;Under Construction;Aveiro,Aveiro,Cacia;220000;230;957;41;9;Cacia;3800;3;3
13/05/2021;Houses;T5;To Recuperate;Aveiro,Aveiro,Cacia;235000;400;588;41;9;Cacia;3800;5;1
13/05/2021;Houses;T2;Used;Aveiro,Aveiro,Esgueira;265000;360;736;41;9;Esgueira;3800;2;4
28/10/2019;Houses;T4;Used;Aveiro, Nossa Senhora de Fátima e Nariz;170000;107;1589;40.59327539168986;-8.53913383260534; Nossa Senhora de Fátima e Nariz;3810;4;4
28/10/2019;Houses;T3;Under Construction;Aveiro, Glória e Vera Cruz;380000;142;2676;40.633333;-8.6525; Glória e Vera Cruz;3800;3;3
13/05/2021;Houses;T4;New;Aveiro,Aveiro,Oliveirinha;280000;560;500;41;9;Oliveirinha;3880;4;6
13/05/2021;Houses;T4;Used;Aveiro, Aradas;268000;228;1175;41;9; Aradas;3810;4;4
13/05/2021;Houses;T5;Used;Aveiro,Aveiro,Esgueira;278000;171;1626;41;9;Esgueira;3800;5;4
13/05/2021;Houses;T3;Used;Aveiro,Aveiro,Cacia;85000;69;1232;41;9;Cacia;3800;3;4
08/05/2019;Houses;T4;Used;Aveiro, Glória e Vera Cruz;485000;250;1940;41;9; Glória e Vera Cruz;3800;4;4
13/05/2021;Houses;T2;Renovated;Ílhavo, São Salvador;165000;105;1571;41;9; São Salvador;3830;2;5
13/05/2021;Houses;T2;Under Construction;Aveiro, Aradas;270000;145;1862;41;9; Aradas;3810;2;3
15/07/2019;Houses;T3;Under Construction;Aveiro, Nossa Senhora de Fátima e Nariz;245000;230;1065;40.59327539168986;-8.53913383260534; Nossa Senhora de Fátima e Nariz;3810;3;3
13/05/2021;Houses;T3;Used;Aveiro, Glória e Vera Cruz;320000;258;1240;41;9; Glória e Vera Cruz;3800;3;4
13/05/2021;Houses;T4;New;Aveiro,Aveiro,Esgueira;465000;251;1853;41;9;Esgueira;3800;4;6
13/05/2021;Houses;T4;Used;Aveiro,Aveiro,Oliveirinha;267000;204;1309;41;9;Oliveirinha;3880;4;4
13/05/2021;Houses;T6;Renovated;Aveiro, Aradas;510000;350;1457;41;9; Aradas;3810;6;5
08/05/2019;Houses;T5;Used;Aveiro, Nossa Senhora de Fátima e Nariz;198000;575;344;41;9; Nossa Senhora de Fátima e Nariz;3810;5;4
13/05/2021;Houses;T5;Used;Aveiro,Aveiro,Esgueira;390000;530;736;41;9;Esgueira;3800;5;4
28/10/2019;Houses;T3;Under Construction;Aveiro, Nossa Senhora de Fátima e Nariz;197500;120;1646;41;9; Nossa Senhora de Fátima e Nariz;3810;3;3
13/05/2021;Houses;T4;Used;Aveiro,Aveiro,Oliveirinha;350000;358;978;41;9;Oliveirinha;3880;4;4
07/09/2020;Houses;T4;Under Construction;Ílhavo, São Salvador;350000;228;1535;41;9; São Salvador;3830;4;3
11/02/2019;Houses;T3;Under Project;Ílhavo, Gafanha da Nazaré;285000;240;1188;41;9; Gafanha da Nazaré;3830;3;2
13/05/2021;Houses;T3;Under Construction;Aveiro,Aveiro,Cacia;245000;230;1065;41;9;Cacia;3800;3;3
13/05/2021;Houses;T4;New;Aveiro, Nossa Senhora de Fátima e Nariz;245000;223;1099;41;9; Nossa Senhora de Fátima e Nariz;3810;4;6
13/05/2021;Houses;T4;New;Aveiro,Aveiro,Oliveirinha;270000;350;771;41;9;Oliveirinha;3880;4;6
13/05/2021;Houses;T4;Used;Ílhavo, Gafanha da Nazaré;385000;255;1510;41;9; Gafanha da Nazaré;3830;4;4
13/05/2021;Houses;T2;Used;Ílhavo, São Salvador;165000;74;2230;41;9; São Salvador;3830;2;4
28/10/2019;Houses;T3;Under Project;Aveiro,Aveiro,Esgueira;510000;248;2056;40.64981569436989;-8.628535670843293;Esgueira;3800;3;2
13/05/2021;Houses;T3;To Recuperate;Aveiro, Aradas;90000;120;750;41;9; Aradas;3810;3;1
13/05/2021;Houses;T3;Used;Aveiro, Nossa Senhora de Fátima e Nariz;85000;281;302;41;9; Nossa Senhora de Fátima e Nariz;3810;3;4
15/07/2019;Houses;T3;New;Ílhavo, São Salvador;250000;210;1190;40.603611;-8.671111; São Salvador;3830;3;6
28/10/2019;Houses;T4;Under Project;Aveiro,Aveiro,Esgueira;580000;292;1986;40.64981569436989;-8.628535670843293;Esgueira;3800;4;2
13/05/2021;Houses;T3;Under Construction;Aveiro,Aveiro,Oliveirinha;237500;226;1051;41;9;Oliveirinha;3880;3;3
13/05/2021;Houses;T4;Under Construction;Aveiro,Aveiro,Cacia;245000;131;1870;41;9;Cacia;3800;4;3
13/05/2021;Houses;T4;To Recuperate;Aveiro, Nossa Senhora de Fátima e Nariz;110000;130;846;41;9; Nossa Senhora de Fátima e Nariz;3810;4;1
13/05/2021;Houses;T3;To Recuperate;Aveiro, Aradas;95000;200;475;41;9; Aradas;3810;3;1
13/05/2021;Houses;T4;New;Aveiro,Aveiro,Esgueira;265000;220;1205;41;9;Esgueira;3800;4;6
13/05/2021;Houses;T4;New;Aveiro, Glória e Vera Cruz;880000;359;2451;41;9; Glória e Vera Cruz;3800;4;6
13/05/2021;Houses;T3;Used;Aveiro,Aveiro,Cacia;255000;131;1947;41;9;Cacia;3800;3;4
13/05/2021;Houses;T4;New;Aveiro,Aveiro,Oliveirinha;270000;361;748;41;9;Oliveirinha;3880;4;6
13/05/2021;Houses;T6;Used;Ílhavo, São Salvador;500000;515;971;41;9; São Salvador;3830;6;4
28/10/2019;Houses;T4;Under Construction;Aveiro, Nossa Senhora de Fátima e Nariz;275000;316;870;40.59327539168986;-8.53913383260534; Nossa Senhora de Fátima e Nariz;3810;4;3
28/10/2019;Houses;T4;Under Project;Aveiro,Aveiro,Esgueira;570000;294;1939;40.64981569436989;-8.628535670843293;Esgueira;3800;4;2
13/05/2021;Houses;T4;Used;Aveiro, Glória e Vera Cruz;130000;100;1300;41;9; Glória e Vera Cruz;3800;4;4
13/05/2021;Houses;T2;Used;Aveiro, Aradas;160000;130;1231;41;9; Aradas;3810;2;4
22/08/2018;Houses;T3;To Recuperate;Ílhavo, São Salvador;150000;200;750;41;9; São Salvador;3830;3;1
30/11/2018;Houses;T4;New;Aveiro,Aveiro,Oliveirinha;250000;175;1429;41;9;Oliveirinha;3880;4;6
13/05/2021;Houses;T3;Used;Aveiro,Aveiro,Cacia;175000;376;465;41;9;Cacia;3800;3;4
28/10/2019;Houses;T4;Under Project;Aveiro,Aveiro,Esgueira;540000;276;1957;40.64981569436989;-8.628535670843293;Esgueira;3800;4;2
13/05/2021;Houses;T4;New;Aveiro,Aveiro,Oliveirinha;280000;485;577;41;9;Oliveirinha;3880;4;6
13/05/2021;Houses;T5;New;Aveiro, Glória e Vera Cruz;340000;360;944;41;9; Glória e Vera Cruz;3800;5;6
13/05/2021;Houses;T4;Used;Ílhavo, São Salvador;165000;186;887;41;9; São Salvador;3830;4;4
13/05/2021;Houses;T3;Used;Aveiro, Nossa Senhora de Fátima e Nariz;185000;141;1312;41;9; Nossa Senhora de Fátima e Nariz;3810;3;4
28/10/2019;Houses;T3;Used;Aveiro, Glória e Vera Cruz;395000;165;2394;40.633333;-8.6525; Glória e Vera Cruz;3800;3;4
13/05/2021;Houses;T3;Used;Aveiro, Aradas;160000;149;1074;41;9; Aradas;3810;3;4
13/05/2021;Houses;T4;New;Aveiro,Aveiro,Oliveirinha;260000;359;724;41;9;Oliveirinha;3880;4;6
13/05/2021;Houses;T5;Used;Aveiro,Aveiro,Esgueira;255000;496;514;41;9;Esgueira;3800;5;4
15/07/2019;Houses;T3;Under Construction;Aveiro, Nossa Senhora de Fátima e Nariz;210000;230;913;40.59327539168986;-8.53913383260534; Nossa Senhora de Fátima e Nariz;3810;3;3
13/05/2021;Houses;T4;Renovated;Aveiro, Glória e Vera Cruz;530000;248;2137;41;9; Glória e Vera Cruz;3800;4;5
13/05/2021;Houses;T3;Used;Aveiro, Aradas;141500;141;1004;41;9; Aradas;3810;3;4
13/05/2021;Houses;T3;Used;Aveiro,Aveiro,Oliveirinha;299500;204;1468;41;9;Oliveirinha;3880;3;4
13/05/2021;Houses;T4;Under Construction;Aveiro,Aveiro,Cacia;240000;217;1106;41;9;Cacia;3800;4;3
11/02/2019;Houses;T3;Under Project;Ílhavo, Gafanha da Nazaré;295000;240;1229;41;9; Gafanha da Nazaré;3830;3;2
13/05/2021;Houses;T3;Used;Aveiro, Glória e Vera Cruz;450000;240;1875;41;9; Glória e Vera Cruz;3800;3;4
13/05/2021;Houses;T4;New;Aveiro,Aveiro,Oliveirinha;260000;350;743;41;9;Oliveirinha;3880;4;6
13/05/2021;Houses;T4;Renovated;Aveiro,Aveiro,Cacia;295000;250;1180;41;9;Cacia;3800;4;5
13/05/2021;Houses;T4;New;Aveiro,Aveiro,Esgueira;465000;300;1550;41;9;Esgueira;3800;4;6
13/05/2021;Houses;T3;New;Aveiro, Glória e Vera Cruz;380000;150;2533;41;9; Glória e Vera Cruz;3800;3;6
13/05/2021;Houses;T4;New;Aveiro, Nossa Senhora de Fátima e Nariz;245000;230;1065;41;9; Nossa Senhora de Fátima e Nariz;3810;4;6
13/05/2021;Houses;T4;Under Project;Aveiro,Aveiro,Esgueira;630000;386;1632;41;9;Esgueira;3800;4;2
14/03/2019;Houses;T4;New;Aveiro, Aradas;380000;227;1674;40.617500;-8.647778; Aradas;3810;4;6
13/05/2021;Houses;T4;Used;Aveiro,Aveiro,Oliveirinha;430000;261;1648;41;9;Oliveirinha;3880;4;4
13/05/2021;Houses;T4;Used;Aveiro, Glória e Vera Cruz;460000;205;2244;41;9; Glória e Vera Cruz;3800;4;4
13/05/2021;Houses;T6;To Recuperate;Aveiro,Aveiro,Cacia;175000;576;304;41;9;Cacia;3800;6;1
28/10/2019;Houses;T4;Under Project;Aveiro,Aveiro,Esgueira;550000;290;1897;40.64981569436989;-8.628535670843293;Esgueira;3800;4;2
15/07/2019;Houses;T3;Under Construction;Aveiro, Nossa Senhora de Fátima e Nariz;210000;309;680;40.59327539168986;-8.53913383260534; Nossa Senhora de Fátima e Nariz;3810;3;3
13/05/2021;Houses;T4;Used;Aveiro,Aveiro,Oliveirinha;215000;188;1144;41;9;Oliveirinha;3880;4;4
28/10/2019;Houses;T4;Used;Aveiro,Aveiro,Esgueira;318000;300;1060;40.64981569436989;-8.628535670843293;Esgueira;3800;4;4
13/05/2021;Houses;T3;Used;Ílhavo, São Salvador;100000;60;1667;41;9; São Salvador;3830;3;4
13/05/2021;Houses;T3;Under Construction;Aveiro, Aradas;349000;337;1036;41;9; Aradas;3810;3;3
13/05/2021;Houses;T5;Used;Ílhavo, Gafanha da Nazaré;350000;276;1268;41;9; Gafanha da Nazaré;3830;5;4
28/10/2019;Houses;T4;Under Construction;Aveiro, Glória e Vera Cruz;510000;276;1848;41;9; Glória e Vera Cruz;3800;4;3
13/05/2021;Houses;T4;Under Construction;Aveiro,Aveiro,Esgueira;465000;188;2473;41;9;Esgueira;3800;4;3
13/05/2021;Houses;T4;Used;Aveiro, Glória e Vera Cruz;650000;238;2731;41;9; Glória e Vera Cruz;3800;4;4
13/05/2021;Houses;T4;New;Ílhavo, São Salvador;375000;289;1298;41;9; São Salvador;3830;4;6
13/05/2021;Houses;T3;Used;Aveiro,Aveiro,Cacia;245000;131;1870;41;9;Cacia;3800;3;4
13/05/2021;Houses;T3;To Recuperate;Aveiro,Aveiro,Oliveirinha;85000;100;850;41;9;Oliveirinha;3880;3;1
13/05/2021;Houses;T5;New;Aveiro, Glória e Vera Cruz;340000;384;885;41;9; Glória e Vera Cruz;3800;5;6
13/05/2021;Houses;T4;Under Construction;Aveiro, Nossa Senhora de Fátima e Nariz;350000;217;1613;41;9; Nossa Senhora de Fátima e Nariz;3810;4;3
13/05/2021;Houses;T1;Ruin;Ílhavo, São Salvador;120000;130;923;41;9; São Salvador;3830;1;0
13/05/2021;Houses;T4;Used;Aveiro,Aveiro,Esgueira;465000;184;2527;41;9;Esgueira;3800;4;4
13/05/2021;Houses;T3;Under Construction;Aveiro, Nossa Senhora de Fátima e Nariz;245000;282;869;41;9; Nossa Senhora de Fátima e Nariz;3810;3;3
13/05/2021;Houses;T4;New;Aveiro, Glória e Vera Cruz;530000;250;2120;41;9; Glória e Vera Cruz;3800;4;6
13/05/2021;Houses;T3;Used;Aveiro, Glória e Vera Cruz;212500;127;1673;41;9; Glória e Vera Cruz;3800;3;4
13/05/2021;Houses;T6;Used;Aveiro, Nossa Senhora de Fátima e Nariz;110000;105;1048;41;9; Nossa Senhora de Fátima e Nariz;3810;6;4
30/11/2018;Houses;T4;New;Aveiro, São Jacinto;250000;290;862;41;9; São Jacinto;3800;4;6
13/05/2021;Houses;T2;To Recuperate;Aveiro,Aveiro,Esgueira;65000;90;722;41;9;Esgueira;3800;2;1
13/05/2021;Houses;T3;Used;Aveiro, Nossa Senhora de Fátima e Nariz;185000;151;1225;41;9; Nossa Senhora de Fátima e Nariz;3810;3;4
13/05/2021;Houses;T4;Used;Aveiro, Santa Joana;430000;275;1564;41;9; Santa Joana;3800;4;4
13/05/2021;Houses;T4;Renovated;Aveiro, Glória e Vera Cruz;530000;156;3397;41;9; Glória e Vera Cruz;3800;4;5
28/10/2019;Houses;T5;Used;Aveiro, São Jacinto;380000;257;1479;40.66326344089303;-8.728985240138417; São Jacinto;3800;5;4
07/09/2020;Houses;T4;Under Project;Ílhavo, São Salvador;450000;244;1844;41;9; São Salvador;3830;4;2
13/05/2021;Houses;T4;Used;Aveiro, São Bernardo;398000;348;1144;41;9; São Bernardo;3810;4;4
13/05/2021;Houses;T3;Under Construction;Aveiro, Santa Joana;360000;225;1600;41;9; Santa Joana;3800;3;3
13/05/2021;Houses;T3;Used;Aveiro, Glória e Vera Cruz;550000;350;1571;41;9; Glória e Vera Cruz;3800;3;4
28/10/2019;Houses;T3;Used;Aveiro, São Jacinto;320000;258;1240;40.66326344089303;-8.728985240138417; São Jacinto;3800;3;4
13/05/2021;Houses;T3;Under Construction;Aveiro,Aveiro,Esgueira;260000;119;2185;41;9;Esgueira;3800;3;3
13/05/2021;Houses;T4;Under Construction;Aveiro, São Bernardo;420000;280;1500;41;9; São Bernardo;3810;4;3
13/05/2021;Houses;T3;Under Construction;Aveiro, Santa Joana;295000;130;2269;41;9; Santa Joana;3800;3;3
28/10/2019;Houses;T4;Under Project;Aveiro,Aveiro,Esgueira;480000;237;2025;40.64981569436989;-8.628535670843293;Esgueira;3800;4;2
13/05/2021;Houses;T3;New;Aveiro, São Bernardo;219000;153;1431;41;9; São Bernardo;3810;3;6
28/10/2019;Houses;T6;Used;Aveiro, Santa Joana;235000;262;897;41;9; Santa Joana;3800;6;4
29/08/2018;Houses;T3;Used;Aveiro, Glória e Vera Cruz;575000;385;1494;41;9; Glória e Vera Cruz;3800;3;4
13/05/2021;Houses;T3;Used;Ílhavo, São Salvador;170000;109;1560;41;9; São Salvador;3830;3;4
13/05/2021;Houses;T3;Used;Aveiro, Nossa Senhora de Fátima e Nariz;85000;133;639;41;9; Nossa Senhora de Fátima e Nariz;3810;3;4
13/05/2021;Houses;T4;Used;Aveiro, Santa Joana;300000;111;2703;41;9; Santa Joana;3800;4;4
16/08/2018;Houses;T5;Used;Aveiro,Aveiro,Esgueira;300000;450;667;41;9;Esgueira;3800;5;4
07/09/2020;Houses;T4;Under Construction;Ílhavo, São Salvador;280000;250;1120;41;9; São Salvador;3830;4;3
28/10/2019;Houses;T4;Under Project;Aveiro,Aveiro,Esgueira;650000;305;2131;40.64981569436989;-8.628535670843293;Esgueira;3800;4;2
13/05/2021;Houses;T5;Used;Aveiro, Nossa Senhora de Fátima e Nariz;330000;320;1031;41;9; Nossa Senhora de Fátima e Nariz;3810;5;4
13/05/2021;Houses;T3;New;Aveiro, Glória e Vera Cruz;380000;128;2969;41;9; Glória e Vera Cruz;3800;3;6
13/05/2021;Houses;T3;Used;Aveiro, São Bernardo;209000;163;1282;41;9; São Bernardo;3810;3;4
13/05/2021;Houses;T3;New;Aveiro, Santa Joana;260000;120;2167;41;9; Santa Joana;3800;3;6
13/05/2021;Houses;T3;New;Aveiro, São Jacinto;275000;447;615;41;9; São Jacinto;3800;3;6
13/05/2021;Houses;T4;Under Construction;Aveiro, São Bernardo;485000;211;2299;41;9; São Bernardo;3810;4;3
13/05/2021;Houses;T2;To Recuperate;Aveiro, Santa Joana;90000;56;1607;41;9; Santa Joana;3800;2;1
13/05/2021;Houses;T4;New;Aveiro, Glória e Vera Cruz;880000;319;2759;41;9; Glória e Vera Cruz;3800;4;6
13/05/2021;Houses;T2;To Recuperate;Aveiro, São Bernardo;59500;54;1102;41;9; São Bernardo;3810;2;1
13/05/2021;Houses;T4;Used;Aveiro, São Jacinto;350000;350;1000;41;9; São Jacinto;3800;4;4
13/05/2021;Houses;T6;Used;Aveiro,Aveiro,Esgueira;200000;166;1205;41;9;Esgueira;3800;6;4
08/05/2019;Houses;T3;Under Construction;Aveiro, Santa Joana;375000;211;1777;41;9; Santa Joana;3800;3;3
13/09/2020;Houses;T2;Used;Aveiro, Glória e Vera Cruz;345000;100;3450;40.633333;-8.6525; Glória e Vera Cruz;3800;2;4
13/05/2021;Houses;T2;Used;Ílhavo, São Salvador;95000;73;1301;41;9; São Salvador;3830;2;4
13/05/2021;Houses;T3;New;Aveiro, São Bernardo;219000;150;1460;41;9; São Bernardo;3810;3;6
13/05/2021;Houses;T4;Under Project;Aveiro, Santa Joana;360000;309;1165;41;9; Santa Joana;3800;4;2
08/05/2019;Houses;T5;Used;Aveiro, São Bernardo;275000;338;814;40.62030487141338;-8.624948932256144; São Bernardo;3810;5;4
13/05/2021;Houses;T3;To Recuperate;Aveiro, Santa Joana;126000;65;1938;41;9; Santa Joana;3800;3;1
13/05/2021;Houses;T4;Used;Aveiro,Aveiro,Esgueira;435000;219;1986;41;9;Esgueira;3800;4;4
13/05/2021;Houses;T4;Under Construction;Aveiro, São Bernardo;425000;239;1778;41;9; São Bernardo;3810;4;3
13/05/2021;Houses;T4;Under Project;Aveiro, Santa Joana;650000;236;2754;41;9; Santa Joana;3800;4;2
13/05/2021;Houses;T4;Under Construction;Aveiro, São Bernardo;425000;230;1848;41;9; São Bernardo;3810;4;3
13/05/2021;Houses;T4;Used;Aveiro, Santa Joana;358000;300;1193;40;8; Santa Joana;3800;4;4
17/08/2018;Houses;T4;Under Construction;Aveiro,Aveiro,Esgueira;275000;235;1170;41;9;Esgueira;3800;4;3
13/05/2021;Houses;T3;Under Project;Aveiro, Glória e Vera Cruz;450000;220;2045;41;9; Glória e Vera Cruz;3800;3;2
13/05/2021;Houses;T4;Under Construction;Aveiro, São Bernardo;335000;228;1469;41;9; São Bernardo;3810;4;3
13/05/2021;Houses;T3;Used;Aveiro,Aveiro,Esgueira;170000;120;1417;41;9;Esgueira;3800;3;4
13/05/2021;Houses;T4;New;Aveiro, Glória e Vera Cruz;880000;358;2458;41;9; Glória e Vera Cruz;3800;4;6
13/05/2021;Houses;T3;Used;Aveiro,Aveiro,Esgueira;318000;277;1148;41;9;Esgueira;3800;3;4
13/05/2021;Houses;T4;Under Construction;Aveiro, São Bernardo;450000;278;1619;41;9; São Bernardo;3810;4;3
08/05/2019;Houses;T3;Used;Aveiro,Aveiro,Esgueira;85000;92;924;41;9;Esgueira;3800;3;4
13/05/2021;Houses;T5;New;Aveiro, São Bernardo;340000;300;1133;41;9; São Bernardo;3810;5;6
13/05/2021;Houses;T4;Used;Aveiro, Santa Joana;197000;320;616;41;9; Santa Joana;3800;4;4
13/05/2021;Houses;T4;Used;Aveiro, Glória e Vera Cruz;460000;225;2044;41;9; Glória e Vera Cruz;3800;4;4
13/05/2021;Houses;T3;Used;Aveiro, São Bernardo;420000;276;1522;41;9; São Bernardo;3810;3;4
13/05/2021;Houses;T2;Used;Aveiro, Santa Joana;65000;82;793;41;9; Santa Joana;3800;2;4
13/05/2021;Houses;T4;Under Construction;Aveiro, São Bernardo;340000;171;1988;41;9; São Bernardo;3810;4;3
13/05/2021;Houses;T2;New;Ílhavo, São Salvador;165000;72;2292;41;9; São Salvador;3830;2;6
13/05/2021;Houses;T4;New;Aveiro, Santa Joana;650000;330;1970;41;9; Santa Joana;3800;4;6
13/05/2021;Houses;T2;To Recuperate;Aveiro, São Bernardo;69500;64;1086;41;9; São Bernardo;3810;2;1
13/05/2021;Houses;T4;Under Construction;Aveiro, Santa Joana;340000;338;1006;41;9; Santa Joana;3800;4;3
13/05/2021;Houses;T5;Used;Aveiro, São Bernardo;340000;384;885;41;9; São Bernardo;3810;5;4
13/05/2021;Houses;T4;Under Construction;Aveiro, São Bernardo;360000;240;1500;41;9; São Bernardo;3810;4;3
13/05/2021;Houses;T6;Used;Ílhavo, São Salvador;250000;130;1923;41;9; São Salvador;3830;6;4
13/05/2021;Houses;T5;Used;Aveiro, Santa Joana;243000;155;1568;41;9; Santa Joana;3800;5;4
13/05/2021;Houses;T4;Under Project;Aveiro, São Bernardo;295000;232;1272;41;9; São Bernardo;3810;4;2
07/09/2020;Houses;T4;Under Construction;Ílhavo, São Salvador;350000;207;1691;40.603611;-8.671111; São Salvador;3830;4;3
13/05/2021;Houses;T5;Used;Aveiro, São Bernardo;353000;360;981;41;9; São Bernardo;3810;5;4
13/05/2021;Houses;T4;Under Project;Aveiro, Santa Joana;340000;230;1478;41;9; Santa Joana;3800;4;2
13/05/2021;Houses;T4;Used;Aveiro, São Bernardo;295000;190;1553;41;9; São Bernardo;3810;4;4
07/09/2020;Houses;T4;Under Construction;Ílhavo, São Salvador;290000;228;1272;41;9; São Salvador;3830;4;3
13/05/2021;Houses;T5;Used;Aveiro, Santa Joana;275000;128;2148;41;9; Santa Joana;3800;5;4
13/05/2021;Houses;T2;Ruin;Aveiro, São Bernardo;110000;70;1571;41;9; São Bernardo;3810;2;0
13/05/2021;Houses;T5;Used;Aveiro, São Bernardo;400000;229;1747;41;9; São Bernardo;3810;5;4
13/05/2021;Houses;T4;Under Construction;Aveiro, São Bernardo;335000;210;1595;41;9; São Bernardo;3810;4;3
13/05/2021;Houses;T4;Under Construction;Aveiro, São Bernardo;295000;234;1261;41;9; São Bernardo;3810;4;3
13/05/2021;Houses;T2;To Recuperate;Ílhavo, São Salvador;75000;120;625;41;9; São Salvador;3830;2;1
13/05/2021;Houses;T4;Under Project;Aveiro, São Bernardo;315000;237;1329;41;9; São Bernardo;3810;4;2
13/05/2021;Houses;T4;Under Construction;Aveiro, Santa Joana;485000;211;2299;41;9; Santa Joana;3800;4;3
13/05/2021;Houses;T4;Under Construction;Aveiro, São Bernardo;325000;210;1548;41;9; São Bernardo;3810;4;3
28/10/2019;Houses;T4;Used;Aveiro, Santa Joana;280000;191;1466;40.627778;-8.615278; Santa Joana;3800;4;4
28/10/2019;Houses;T3;Used;Aveiro, Santa Joana;169000;155;1090;40.627778;-8.615278; Santa Joana;3800;3;4
13/05/2021;Houses;T4;New;Aveiro, São Bernardo;340000;228;1491;41;9; São Bernardo;3810;4;6
13/05/2021;Houses;T4;Under Construction;Aveiro, Santa Joana;340000;225;1511;41;9; Santa Joana;3800;4;3
13/05/2021;Houses;T4;New;Aveiro, Santa Joana;360000;225;1600;41;9; Santa Joana;3800;4;6
28/10/2019;Houses;T6;Used;Aveiro, Santa Joana;280000;262;1069;40.627778;-8.615278; Santa Joana;3800;6;4
13/05/2021;Houses;T2;Ruin;Aveiro, São Bernardo;107500;70;1536;41;9; São Bernardo;3810;2;0
13/05/2021;Houses;T4;Under Construction;Aveiro, Santa Joana;340000;183;1858;41;9; Santa Joana;3800;4;3
13/05/2021;Houses;T3;New;Aveiro, São Bernardo;219000;236;928;41;9; São Bernardo;3810;3;6
13/05/2021;Houses;T3;Used;Aveiro, Santa Joana;220000;95;2316;41;9; Santa Joana;3800;3;4
13/05/2021;Houses;T5;Used;Aveiro, São Bernardo;299000;239;1251;41;9; São Bernardo;3810;5;4
13/05/2021;Houses;T2;Used;Aveiro, Santa Joana;165000;103;1602;41;9; Santa Joana;3800;2;4
13/05/2021;Houses;T3;Used;Aveiro, São Bernardo;340000;375;907;41;9; São Bernardo;3810;3;4
13/05/2021;Houses;T3;Used;Aveiro, São Bernardo;100000;110;909;41;9; São Bernardo;3810;3;4
13/05/2021;Houses;T4;Under Construction;Aveiro, São Bernardo;420000;220;1909;41;9; São Bernardo;3810;4;3
13/05/2021;Houses;T4;New;Aveiro, São Bernardo;340000;270;1259;41;9; São Bernardo;3810;4;6
13/05/2021;Houses;T4;Under Construction;Aveiro, São Bernardo;420000;210;2000;41;9; São Bernardo;3810;4;3
13/05/2021;Houses;T4;Under Construction;Aveiro, São Bernardo;420000;240;1750;41;9; São Bernardo;3810;4;3
13/05/2021;Houses;T4;Under Construction;Aveiro, São Bernardo;340000;210;1619;41;9; São Bernardo;3810;4;3
13/05/2021;Houses;T4;New;Aveiro, São Bernardo;295000;145;2034;41;9; São Bernardo;3810;4;6
13/05/2021;Houses;T4;Under Construction;Aveiro, São Bernardo;198000;278;712;41;9; São Bernardo;3810;4;3
13/05/2021;Houses;T6;Used;Aveiro, São Bernardo;250000;294;850;41;9; São Bernardo;3810;6;4
13/05/2021;Houses;T4;Under Construction;Aveiro, São Bernardo;290000;208;1394;41;9; São Bernardo;3810;4;3
08/05/2019;Houses;T6;Used;Aveiro, São Bernardo;545000;230;2370;40.62030487141338;-8.624948932256144; São Bernardo;3810;6;4
13/05/2021;Houses;T4;Under Construction;Aveiro, São Bernardo;340000;275;1236;41;9; São Bernardo;3810;4;3
01/12/2020;Houses;T3;Used;Aveiro, Póvoa do Paço;50000;151;331;41;9; Póvoa do Paço;3800;3;4
14/11/2020;Houses;T5;Used;Aveiro, Mataduços;230000;127;1811;41;9; Mataduços;3800;5;4
01/12/2020;Houses;T4;Used;Aveiro, Póvoa do Paço;100000;270;370;41;9; Póvoa do Paço;3800;4;4
23/12/2020;Houses;T4;Used;Ílhavo, São Salvador;300000;126;2381;41;9; São Salvador;3830;4;4
24/11/2020;Houses;T3;Used;Aveiro, Azenha de Baixo;295000;180;1639;41;9; Azenha de Baixo;3810;3;4
