,entry_date,property_type,Tipology,Condition,Location,Price,areas_sqm,euros/sqm,Latitude,Longitude
0,21/02/21,Houses,T4,Used,"Ílhavo, Gafanha da Encarnação",570000,175,"3257,14",40.621371234222785,-8.733032026967937
1,21/02/21,Houses,T3,Used,"Ílhavo, Gafanha da Encarnação",320000,258,"1240,31",40.621371234222785,-8.733032026967937
2,21/02/21,Houses,T3,Used,"Ílhavo, Gafanha da Encarnação",315000,140,"2250,00",40.621371234222785,-8.733032026967937
3,21/02/21,Houses,T4,Used,"Ílhavo, Gafanha da Encarnação",237000,194,"1221,65",40.621371234222785,-8.733032026967937
4,21/02/21,Houses,T4,Used,"Ílhavo, Gafanha da Encarnação",580000,193,"3005,18",40.621371234222785,-8.733032026967937
5,21/02/21,Houses,T3,Used,"Ílhavo, Gafanha da Encarnação",750000,240,"3125,00",40.621371234222785,-8.733032026967937
6,21/02/21,Houses,T4,Used,"Ílhavo, Gafanha da Encarnação",375000,"97,9","3830,44",40.621371234222785,-8.733032026967937
7,21/02/21,Houses,T4,Used,"Ílhavo, Gafanha da Encarnação",320000,286,"1118,88",40.621371234222785,-8.733032026967937
8,21/02/21,Houses,T3,Used,"Ílhavo, Gafanha da Encarnação",375000,180,"2083,33",40.621371234222785,-8.733032026967937
9,21/02/21,Houses,T3,Used,"Ílhavo, Gafanha da Encarnação",375000,"97,9","3830,44",40.621371234222785,-8.733032026967937
10,21/02/21,Houses,T3,Used,"Ílhavo, Gafanha da Encarnação",400000,"154,68","2585,98",40.621371234222785,-8.733032026967937
11,21/02/21,Houses,T3,Used,"Ílhavo, Gafanha da Encarnação",400000,256,"1562,50",40.621371234222785,-8.733032026967937
12,21/02/21,Houses,T3,Used,"Ílhavo, Gafanha da Encarnação",265500,143,"1856,64",40.621371234222785,-8.733032026967937
13,21/02/21,Houses,T3,Used,"Ílhavo, Gafanha da Encarnação",420000,235,"1787,23",40.621371234222785,-8.733032026967937
14,21/02/21,Houses,T4,Used,"Ílhavo, Gafanha da Encarnação",298000,241,"1236,51",40.621371234222785,-8.733032026967937
15,21/02/21,Houses,T3,Used,"Ílhavo, Gafanha da Encarnação",420000,119,"3529,41",40.621371234222785,-8.733032026967937
16,21/02/21,Houses,T3,Used,"Ílhavo, Gafanha da Encarnação",400000,294,"1360,54",40.621371234222785,-8.733032026967937
17,21/02/21,Houses,T4,Used,"Ílhavo, Gafanha da Encarnação",450000,342,"1315,79",40.621371234222785,-8.733032026967937
18,21/02/21,Houses,T3,Used,"Ílhavo, Gafanha da Encarnação",375000,121,"3099,17",40.621371234222785,-8.733032026967937
19,21/02/21,Houses,T3,Used,"Ílhavo, Gafanha da Encarnação",450000,235,"1914,89",40.621371234222785,-8.733032026967937
20,21/02/21,Houses,T3,Used,"Ílhavo, Gafanha da Encarnação",400000,154,"2597,40",40.621371234222785,-8.733032026967937
21,21/02/21,Houses,T2,Used,"Ílhavo, Gafanha da Encarnação",459000,134,"3425,37",40.621371234222785,-8.733032026967937
22,21/02/21,Houses,T3,Used,"Ílhavo, Gafanha da Encarnação",420000,260,"1615,38",40.621371234222785,-8.733032026967937
23,21/02/21,Houses,T3,Used,"Ílhavo, Gafanha da Encarnação",260000,"287,1","905,61",40.621371234222785,-8.733032026967937
24,21/02/21,Houses,T3,Used,"Ílhavo, Gafanha da Encarnação",375000,98,"3826,53",40.621371234222785,-8.733032026967937
25,21/02/21,Houses,T4,Used,"Ílhavo, Gafanha da Encarnação",550000,400,"1375,00",40.621371234222785,-8.733032026967937
26,21/02/21,Houses,T4,Used,"Ílhavo, Gafanha da Encarnação",295000,90,"3277,78",40.621371234222785,-8.733032026967937
27,21/02/21,Houses,T3,Used,"Ílhavo, Gafanha da Encarnação",400000,227,"1762,11",40.621371234222785,-8.733032026967937
28,21/02/21,Houses,T3,Used,"Ílhavo, Gafanha da Encarnação",420000,256,"1640,63",40.621371234222785,-8.733032026967937
29,21/02/21,Houses,T3,Used,"Ílhavo, Gafanha da Encarnação",199000,176,"1130,68",40.621371234222785,-8.733032026967937
30,21/02/21,Houses,T2,Used,"Ílhavo, Gafanha da Encarnação",375000,190,"1973,68",40.621371234222785,-8.733032026967937
31,21/02/21,Houses,T3,Used,"Ílhavo, Gafanha da Encarnação",195000,80,"2437,50",40.621371234222785,-8.733032026967937
32,21/02/21,Houses,T3,Used,"Ílhavo, Gafanha da Encarnação",250000,200,"1250,00",40.621371234222785,-8.733032026967937
33,21/02/21,Houses,T3,Used,"Ílhavo, Gafanha da Encarnação",420000,274,"1532,85",40.621371234222785,-8.733032026967937
34,21/02/21,Houses,T3,Used,"Ílhavo, Gafanha da Encarnação",454000,134,"3388,06",40.621371234222785,-8.733032026967937
35,21/02/21,Houses,T3,Used,"Ílhavo, Gafanha da Encarnação",420000,269,"1561,34",40.621371234222785,-8.733032026967937
36,21/02/21,Houses,T3,Used,"Ílhavo, Gafanha da Encarnação",425000,200,"2125,00",40.621371234222785,-8.733032026967937
37,21/02/21,Houses,T3,Used,"Ílhavo, Gafanha da Encarnação",230000,192,"1197,92",40.621371234222785,-8.733032026967937
38,21/02/21,Houses,T3,Used,"Ílhavo, Gafanha da Encarnação",344000,192,"1791,67",40.621371234222785,-8.733032026967937
39,21/02/21,Houses,T4,Used,"Ílhavo, Gafanha da Encarnação",250000,200,"1250,00",40.621371234222785,-8.733032026967937
40,21/02/21,Houses,T4,Used,"Ílhavo, Gafanha da Encarnação",700000,140,"5000,00",40.621371234222785,-8.733032026967937
41,21/02/21,Houses,T3,Used,"Ílhavo, Gafanha da Encarnação",230000,180,"1277,78",40.621371234222785,-8.733032026967937
42,21/02/21,Houses,T3,Used,"Ílhavo, Gafanha da Encarnação",850000,280,"3035,71",40.621371234222785,-8.733032026967937
43,16/02/21,Houses,T4,Used,"Ílhavo, Gafanha da Nazaré",285000,227,"1255,51",40.639276097708986,-8.701167358115226
44,16/02/21,Houses,T4,Used,"Ílhavo, Gafanha da Nazaré",260000,"177,84","1461,99",40.639276097708986,-8.701167358115226
45,16/02/21,Houses,T4,Used,"Ílhavo, Gafanha da Nazaré",295000,277,"1064,98",40.639276097708986,-8.701167358115226
46,16/02/21,Houses,T4,Used,"Ílhavo, Gafanha da Nazaré",675000,463,"1457,88",40.639276097708986,-8.701167358115226
47,16/02/21,Houses,T4,Used,"Ílhavo, Gafanha da Nazaré",385000,272,"1415,44",40.639276097708986,-8.701167358115226
48,16/02/21,Houses,T4,Used,"Ílhavo, Gafanha da Nazaré",290000,187,"1550,80",40.639276097708986,-8.701167358115226
49,16/02/21,Houses,T4,Used,"Ílhavo, Gafanha da Nazaré",290000,207,"1400,97",40.639276097708986,-8.701167358115226
50,16/02/21,Houses,T4,Used,"Ílhavo, Gafanha da Nazaré",330000,240,"1375,00",40.639276097708986,-8.701167358115226
51,16/02/21,Houses,T4,Used,"Ílhavo, Gafanha da Nazaré",255000,"215,36","1184,06",40.639276097708986,-8.701167358115226
52,16/02/21,Houses,T4,Used,"Ílhavo, Gafanha da Nazaré",85000,"187,5","453,33",40.639276097708986,-8.701167358115226
53,16/02/21,Houses,T4,Used,"Ílhavo, Gafanha da Nazaré",650000,351,"1851,85",40.639276097708986,-8.701167358115226
54,16/02/21,Houses,T4,Used,"Ílhavo, Gafanha da Nazaré",700000,351,"1994,30",40.639276097708986,-8.701167358115226
55,16/02/21,Houses,T4,Used,"Ílhavo, Gafanha da Nazaré",295000,"177,84","1658,79",40.639276097708986,-8.701167358115226
56,16/02/21,Houses,T4,Used,"Ílhavo, Gafanha da Nazaré",285000,"177,84","1602,56",40.639276097708986,-8.701167358115226
57,16/02/21,Houses,T4,Used,"Ílhavo, Gafanha da Nazaré",280000,238,"1176,47",40.639276097708986,-8.701167358115226
58,16/02/21,Houses,T4,Used,"Ílhavo, Gafanha da Nazaré",700000,"181,75","3851,44",40.639276097708986,-8.701167358115226
59,16/02/21,Houses,T4,Used,"Ílhavo, Gafanha da Nazaré",290000,200,"1450,00",40.639276097708986,-8.701167358115226
60,16/02/21,Houses,T4,Used,"Ílhavo, Gafanha da Nazaré",365000,334,"1092,81",40.639276097708986,-8.701167358115226
61,16/02/21,Houses,T4,Used,"Ílhavo, Gafanha da Nazaré",237500,240,"989,58",40.639276097708986,-8.701167358115226
62,16/02/21,Houses,T4,Used,"Ílhavo, Gafanha da Nazaré",179000,"142,2","1258,79",40.639276097708986,-8.701167358115226
63,16/02/21,Houses,T4,Used,"Ílhavo, Gafanha da Nazaré",290000,"617,45","469,67",40.639276097708986,-8.701167358115226
64,16/02/21,Houses,T4,Used,"Ílhavo, Gafanha da Nazaré",850000,368,"2309,78",40.639276097708986,-8.701167358115226
65,16/02/21,Houses,T4,Used,"Ílhavo, Gafanha da Nazaré",290000,203,"1428,57",40.639276097708986,-8.701167358115226
66,16/02/21,Houses,T4,Used,"Ílhavo, Gafanha da Nazaré",590000,350,"1685,71",40.639276097708986,-8.701167358115226
67,16/02/21,Houses,T4,Used,"Ílhavo, Gafanha da Nazaré",245000,203,"1206,90",40.639276097708986,-8.701167358115226
68,16/02/21,Houses,T4,Used,"Ílhavo, Gafanha da Nazaré",590000,325,"1815,38",40.639276097708986,-8.701167358115226
69,16/02/21,Houses,T4,Used,"Ílhavo, Gafanha da Nazaré",289000,90,"3211,11",40.639276097708986,-8.701167358115226
70,16/02/21,Houses,T4,Used,"Ílhavo, Gafanha da Nazaré",260000,240,"1083,33",40.639276097708986,-8.701167358115226
71,16/02/21,Houses,T4,Used,"Ílhavo, Gafanha da Nazaré",260000,178,"1460,67",40.639276097708986,-8.701167358115226
72,16/02/21,Houses,T4,Used,"Ílhavo, Gafanha da Nazaré",280000,"198,7","1409,16",40.639276097708986,-8.701167358115226
73,16/02/21,Houses,T4,Used,"Ílhavo, Gafanha da Nazaré",295000,240,"1229,17",40.639276097708986,-8.701167358115226
74,16/02/21,Houses,T4,Used,"Ílhavo, Gafanha da Nazaré",260000,198,"1313,13",40.639276097708986,-8.701167358115226
75,16/02/21,Houses,T4,Used,"Ílhavo, Gafanha da Nazaré",285000,238,"1197,48",40.639276097708986,-8.701167358115226
76,16/02/21,Houses,T4,Used,"Ílhavo, Gafanha da Nazaré",450000,250,"1800,00",40.639276097708986,-8.701167358115226
77,16/02/21,Houses,T4,Used,"Ílhavo, Gafanha da Nazaré",330000,"275,1","1199,56",40.639276097708986,-8.701167358115226
78,16/02/21,Houses,T4,Used,"Ílhavo, Gafanha da Nazaré",330000,275,"1200,00",40.639276097708986,-8.701167358115226
79,16/02/21,Houses,T4,Used,"Ílhavo, Gafanha da Nazaré",285000,240,"1187,50",40.639276097708986,-8.701167358115226
80,16/02/21,Houses,T4,Used,"Ílhavo, Gafanha da Nazaré",265000,164,"1615,85",40.639276097708986,-8.701167358115226
81,21/02/21,Houses,T4,Used,"Ílhavo, Gafanha da Nazaré",268000,146,"1835,62",40.639276097708986,-8.701167358115226
82,21/02/21,Houses,T3,Used,"Ílhavo, Gafanha da Nazaré",490000,142,"3450,70",40.639276097708986,-8.701167358115226
83,21/02/21,Houses,T3,Used,"Ílhavo, Gafanha da Nazaré",255000,"209,6","1216,60",40.639276097708986,-8.701167358115226
84,21/02/21,Houses,T3,Used,"Ílhavo, Gafanha da Nazaré",190000,128,"1484,38",40.639276097708986,-8.701167358115226
85,21/02/21,Houses,T3,Used,"Ílhavo, Gafanha da Nazaré",490000,141,"3475,18",40.639276097708986,-8.701167358115226
86,21/02/21,Houses,T2,Used,"Ílhavo, Gafanha da Nazaré",159000,140,"1135,71",40.639276097708986,-8.701167358115226
87,21/02/21,Houses,T3,Used,"Ílhavo, Gafanha da Nazaré",290000,187,"1550,80",40.639276097708986,-8.701167358115226
88,21/02/21,Houses,T2,Used,"Ílhavo, Gafanha da Nazaré",159000,100,"1590,00",40.639276097708986,-8.701167358115226
89,21/02/21,Houses,T3,Used,"Ílhavo, Gafanha da Nazaré",175000,"243,3","719,28",40.639276097708986,-8.701167358115226
90,21/02/21,Houses,T3,Used,"Ílhavo, Gafanha da Nazaré",255000,191,"1335,08",40.639276097708986,-8.701167358115226
91,21/02/21,Houses,T3,Used,"Ílhavo, Gafanha da Nazaré",260000,"260,4","998,46",40.639276097708986,-8.701167358115226
92,21/02/21,Houses,T2,Used,"Ílhavo, Gafanha da Nazaré",90000,110,"818,18",40.639276097708986,-8.701167358115226
93,21/02/21,Houses,T2,Used,"Ílhavo, Gafanha da Nazaré",155000,105,"1476,19",40.639276097708986,-8.701167358115226
94,21/02/21,Houses,T3,Used,"Ílhavo, Gafanha da Nazaré",85000,188,"452,13",40.639276097708986,-8.701167358115226
95,21/02/21,Houses,T2,Used,"Ílhavo, Gafanha da Nazaré",160000,150,"1066,67",40.639276097708986,-8.701167358115226
96,21/02/21,Houses,T3,Used,"Ílhavo, Gafanha da Nazaré",380000,185,"2054,05",40.639276097708986,-8.701167358115226
97,21/02/21,Houses,T2,Used,"Ílhavo, Gafanha da Nazaré",160000,140,"1142,86",40.639276097708986,-8.701167358115226
98,21/02/21,Houses,T2,Used,"Ílhavo, Gafanha da Nazaré",160000,130,"1230,77",40.639276097708986,-8.701167358115226
99,21/02/21,Houses,T3,Used,"Ílhavo, Gafanha do Carmo",49900,90,"554,44",40.59135573136268,-8.740406851742511
100,21/02/21,Houses,T4,Used,"Ílhavo, Gafanha do Carmo",325000,320,"1015,63",40.59135573136268,-8.740406851742511
101,21/02/21,Houses,T3,Used,"Ílhavo, Gafanha do Carmo",85000,229,"371,18",40.59135573136268,-8.740406851742511
102,21/02/21,Houses,T2,Used,"Ílhavo, São Salvador",199000,160,"1243,75",40.603611,-8.671111
103,21/02/21,Houses,T3,Used,"Ílhavo, São Salvador",129000,60,"2150,00",40.603611,-8.671111
104,21/02/21,Houses,T4,Used,"Ílhavo, São Salvador",299500,222,"1349,10",40.603611,-8.671111
105,21/02/21,Houses,T3,Used,"Ílhavo, São Salvador",95000,157,"605,10",40.603611,-8.671111
106,21/02/21,Houses,T2,Used,"Ílhavo, São Salvador",80000,280,"285,71",40.603611,-8.671111
107,21/02/21,Houses,T3,Used,"Ílhavo, São Salvador",225000,204,"1102,94",40.603611,-8.671111
108,21/02/21,Houses,T3,Used,"Ílhavo, São Salvador",139000,110,"1263,64",40.603611,-8.671111
109,21/02/21,Houses,T4,Used,"Ílhavo, São Salvador",150000,200,"750,00",40.603611,-8.671111
110,21/02/21,Houses,T3,Used,"Ílhavo, São Salvador",320000,"171,57","1865,13",40.603611,-8.671111
111,21/02/21,Houses,T4,Used,"Ílhavo, São Salvador",115500,260,"444,23",40.603611,-8.671111
112,21/02/21,Houses,T3,Used,"Ílhavo, São Salvador",69900,75,"932,00",40.603611,-8.671111
113,21/02/21,Houses,T3,Used,"Ílhavo, São Salvador",148000,80,"1850,00",40.603611,-8.671111
114,21/02/21,Houses,T4,Used,"Ílhavo, São Salvador",130000,200,"650,00",40.603611,-8.671111
115,21/02/21,Houses,T4,Used,"Ílhavo, São Salvador",550000,248,"2217,74",40.603611,-8.671111
116,21/02/21,Houses,T4,Used,"Ílhavo, São Salvador",350000,300,"1166,67",40.603611,-8.671111
117,21/02/21,Houses,T4,Used,"Ílhavo, São Salvador",225000,204,"1102,94",40.603611,-8.671111
118,21/02/21,Houses,T3,Used,"Ílhavo, São Salvador",120000,100,"1200,00",40.603611,-8.671111
119,21/02/21,Houses,T3,Used,"Ílhavo, São Salvador",260000,210,"1238,10",40.603611,-8.671111
120,21/02/21,Houses,T2,Used,"Ílhavo, São Salvador",100000,67,"1492,54",40.603611,-8.671111
121,21/02/21,Houses,T2,Used,"Ílhavo, São Salvador",128000,"64,7","1978,36",40.603611,-8.671111
122,21/02/21,Houses,T2,Used,"Ílhavo, São Salvador",125000,80,"1562,50",40.603611,-8.671111
123,21/02/21,Houses,T2,Used,"Ílhavo, São Salvador",125000,72,"1736,11",40.603611,-8.671111
124,21/02/21,Houses,T3,Used,"Ílhavo, São Salvador",75000,75,"1000,00",40.603611,-8.671111
125,21/02/21,Houses,T3,Used,"Ílhavo, São Salvador",269000,150,"1793,33",40.603611,-8.671111
126,21/02/21,Houses,T3,Used,"Ílhavo, São Salvador",230000,230,"1000,00",40.603611,-8.671111
127,21/02/21,Houses,T3,Used,"Ílhavo, São Salvador",240000,155,"1548,39",40.603611,-8.671111
128,21/02/21,Houses,T3,Used,"Ílhavo, São Salvador",230000,160,"1437,50",40.603611,-8.671111
129,21/02/21,Houses,T2,Used,"Ílhavo, São Salvador",130000,75,"1733,33",40.603611,-8.671111
130,21/02/21,Houses,T3,Used,"Ílhavo, São Salvador",225000,200,"1125,00",40.603611,-8.671111
131,21/02/21,Houses,T4,Used,"Ílhavo, São Salvador",340000,195,"1743,59",40.603611,-8.671111
132,21/02/21,Houses,T2,Used,"Ílhavo, São Salvador",95216,"123,2","772,86",40.603611,-8.671111
133,21/02/21,Houses,T2,Used,"Ílhavo, São Salvador",45000,48,"937,50",40.603611,-8.671111
134,21/02/21,Houses,T2,Used,"Ílhavo, São Salvador",130000,"56,3","2309,06",40.603611,-8.671111
135,21/02/21,Houses,T2,Used,"Ílhavo, São Salvador",130000,81,"1604,94",40.603611,-8.671111
136,21/02/21,Houses,T3,Used,"Ílhavo, São Salvador",125000,72,"1736,11",40.603611,-8.671111
137,21/02/21,Houses,T3,Used,"Ílhavo, São Salvador",90000,136,"661,76",40.603611,-8.671111
138,21/02/21,Houses,T3,Used,"Ílhavo, São Salvador",230000,190,"1210,53",40.603611,-8.671111
139,21/02/21,Houses,T2,Used,"Ílhavo, São Salvador",165000,142,"1161,97",40.603611,-8.671111
140,21/02/21,Houses,T2,Used,"Ílhavo, São Salvador",165000,75,"2200,00",40.603611,-8.671111
141,21/02/21,Houses,T2,Used,"Ílhavo, São Salvador",125000,70,"1785,71",40.603611,-8.671111
142,21/02/21,Houses,T4,New,"Ílhavo, Gafanha da Encarnação",375000,97,"3865,98",41,9
143,21/02/21,Houses,T3,Used,"Ílhavo, Gafanha da Encarnação",375000,97,"3865,98",41,9
144,21/02/21,Houses,T3,Used,"Ílhavo, Gafanha da Encarnação",237000,227,"1044,05",41,9
145,21/02/21,Houses,T3,New,"Ílhavo, Gafanha da Encarnação",450000,260,"1730,77",41,9
146,21/02/21,Houses,T3,Under Construction,"Ílhavo, Gafanha da Encarnação",240000,144,"1666,67",41,9
147,21/02/21,Houses,T4,Used,"Ílhavo, Gafanha da Encarnação",425000,356,"1193,82",41,9
148,21/02/21,Houses,T3,Used,"Ílhavo, Gafanha da Encarnação",459000,239,"1920,50",41,9
149,21/02/21,Houses,T3,New,"Ílhavo, Gafanha da Encarnação",375000,151,"2483,44",41,9
150,21/02/21,Houses,T4,Used,"Ílhavo, Gafanha da Encarnação",399000,362,"1102,21",41,9
151,16/02/21,Houses,T4,Under Project,"Ílhavo, Gafanha da Nazaré",280000,200,"1400,00",41,9
152,16/02/21,Houses,T4,Under Project,"Ílhavo, Gafanha da Nazaré",260000,177,"1468,93",41,9
153,16/02/21,Houses,T4,Under Project,"Ílhavo, Gafanha da Nazaré",295000,177,"1666,67",41,9
154,16/02/21,Houses,T4,Under Project,"Ílhavo, Gafanha da Nazaré",285000,177,"1610,17",41,9
155,16/02/21,Houses,T4,Used,"Ílhavo, Gafanha da Nazaré",235000,513,"458,09",41,9
156,16/02/21,Houses,T4,Used,"Ílhavo, Gafanha da Nazaré",280000,295,"949,15",41,9
157,16/02/21,Houses,T4,Used,"Ílhavo, Gafanha da Nazaré",85000,187,"454,55",41,9
158,16/02/21,Houses,T4,Used,"Ílhavo, Gafanha da Nazaré",210000,233,"901,29",41,9
159,16/02/21,Houses,T4,Used,"Ílhavo, Gafanha da Nazaré",700000,181,"3867,40",41,9
160,21/02/21,Houses,T3,Used,"Ílhavo, Gafanha da Nazaré",260000,260,"1000,00",41,9
161,21/02/21,Houses,T3,Used,"Ílhavo, Gafanha da Nazaré",159000,106,"1500,00",41,9
162,21/02/21,Houses,T3,Under Construction,"Ílhavo, Gafanha da Nazaré",675000,463,"1457,88",41,9
163,21/02/21,Houses,T3,Used,"Ílhavo, Gafanha da Nazaré",675000,210,"3214,29",41,9
164,21/02/21,Houses,T3,Used,"Ílhavo, Gafanha da Nazaré",255000,209,"1220,10",41,9
165,21/02/21,Houses,T3,Used,"Ílhavo, Gafanha da Nazaré",700000,266,"2631,58",41,9
166,21/02/21,Houses,T3,Used,"Ílhavo, Gafanha da Nazaré",395000,168,"2351,19",41,9
167,21/02/21,Houses,T2,Renovated,"Ílhavo, São Salvador",130000,100,"1300,00",41,9
168,21/02/21,Houses,T2,Renovated,"Ílhavo, São Salvador",128000,64,"2000,00",41,9
169,21/02/21,Houses,T3,Under Construction,"Ílhavo, São Salvador",189500,140,"1353,57",41,9
170,21/02/21,Houses,T2,Used,"Ílhavo, São Salvador",95000,65,"1461,54",41,9
171,21/02/21,Houses,T2,Used,"Ílhavo, São Salvador",130000,70,"1857,14",41,9
172,21/02/21,Houses,T3,Renovated,"Ílhavo, São Salvador",139000,64,"2171,88",41,9
173,21/02/21,Houses,T4,Used,"Ílhavo, São Salvador",320000,171,"1871,35",41,9
174,21/02/21,Houses,T2,Renovated,"Ílhavo, São Salvador",135000,90,"1500,00",41,9
175,21/02/21,Houses,T4,Used,"Ílhavo, São Salvador",290000,227,"1277,53",41,9
176,21/02/21,Houses,T2,Used,"Ílhavo, São Salvador",165000,65,"2538,46",41,9
177,21/02/21,Houses,T4,Used,"Ílhavo, São Salvador",448000,135,"3318,52",41,9
178,21/02/21,Houses,T4,Used,"Ílhavo, São Salvador",320000,300,"1066,67",41,9
179,21/02/21,Houses,T3,Used,"Ílhavo, São Salvador",265000,204,"1299,02",41,9
180,21/02/21,Houses,T2,Used,"Ílhavo, São Salvador",130000,56,"2321,43",41,9
181,21/02/21,Houses,T2,Renovated,"Ílhavo, São Salvador",165000,106,"1556,60",41,9
182,21/02/21,Houses,T2,New,"Ílhavo, São Salvador",145000,76,"1907,89",41,9
183,21/02/21,Houses,T2,New,"Ílhavo, São Salvador",130000,71,"1830,99",41,9
184,21/02/21,Houses,T4,Used,"Ílhavo, São Salvador",340000,227,"1497,80",41,9
185,21/02/21,Houses,T4,Used,"Ílhavo, São Salvador",215000,178,"1207,87",41,9
186,21/02/21,Houses,T2,To Recuperate,"Ílhavo, São Salvador",69000,106,"650,94",41,9
187,13/05/21,Houses,T5,Used,"Ílhavo, Gafanha da Nazaré",265000,200,"1325,00",41,9
188,13/05/21,Houses,T6,Used,"Ílhavo, Gafanha da Encarnação",420000,190,"2210,53",41,9
189,13/05/21,Houses,T4,New,"Aveiro, Aradas",395000,250,"1580,00",41,9
190,13/05/21,Houses,T4,Used,"Aveiro,Aveiro,Cacia",290000,261,"1111,11",41,9
191,13/05/21,Houses,T4,Used,"Aveiro, Eixo e Eirol",260000,232,"1120,69",41,9
192,13/05/21,Houses,T3,New,"Aveiro,Aveiro,Esgueira",198000,178,"1112,36",41,9
193,13/05/21,Houses,T3,Under Construction,"Aveiro, Aradas",375000,280,"1339,29",41,9
194,13/05/21,Houses,T6,Used,"Aveiro, Eixo e Eirol",52000,125,"416,00",41,9
195,13/05/21,Houses,T6,To Recuperate,"Aveiro,Aveiro,Cacia",175000,376,"465,43",41,9
196,13/05/21,Houses,T2,Renovated,"Aveiro,Aveiro,Esgueira",320000,110,"2909,09",41,9
197,13/05/21,Houses,T6,Used,"Ílhavo, Gafanha da Nazaré",280000,300,"933,33",41,9
198,13/05/21,Houses,T5,Used,"Ílhavo, Gafanha da Encarnação",210000,143,"1468,53",41,9
199,13/05/21,Houses,T3,New,"Aveiro,Aveiro,Cacia",225000,189,"1190,48",41,9
200,08/05/19,Houses,T2,Ruin,"Aveiro,Aveiro,Esgueira",88000,311,"282,96",40.64981569436989,-8.628535670843293
201,13/05/21,Houses,T3,Under Construction,"Aveiro, Aradas",220000,150,"1466,67",41,9
202,13/05/21,Houses,T5,Used,"Aveiro, Eixo e Eirol",255000,232,"1099,14",41,9
203,13/05/21,Houses,T3,Under Construction,"Aveiro,Aveiro,Cacia",235000,150,"1566,67",41,9
204,13/05/21,Houses,T3,Used,"Ílhavo, Gafanha da Encarnação",650000,141,"4609,93",41,9
205,13/05/21,Houses,T3,Used,"Aveiro, Aradas",125000,108,"1157,41",41,9
206,13/05/21,Houses,T5,Used,"Aveiro,Aveiro,Cacia",295000,245,"1204,08",41,9
207,13/05/21,Houses,T3,Under Construction,"Aveiro, Eixo e Eirol",296000,210,"1409,52",41,9
208,13/05/21,Houses,T3,Used,"Aveiro, Eixo e Eirol",245000,146,"1678,08",41,9
209,28/10/19,Houses,T3,Used,"Aveiro, Glória e Vera Cruz",395000,133,"2969,92",41,9
210,13/05/21,Houses,T3,Renovated,"Aveiro,Aveiro,Esgueira",198000,108,"1833,33",41,9
211,13/05/21,Houses,T6,Used,"Ílhavo, Gafanha da Nazaré",455000,190,"2394,74",41,9
212,13/05/21,Houses,T4,Used,"Aveiro, Eixo e Eirol",295000,296,"996,62",41,9
213,28/10/19,Houses,T4,Under Project,"Aveiro,Aveiro,Esgueira",395000,242,"1632,23",41,9
214,13/05/21,Houses,T5,Renovated,"Aveiro,Aveiro,Cacia",295000,220,"1340,91",41,9
215,13/05/21,Houses,T4,Used,"Aveiro, Glória e Vera Cruz",650000,256,"2539,06",41,9
216,13/05/21,Houses,T4,New,"Aveiro, Eixo e Eirol",145000,156,"929,49",41,9
217,13/05/21,Houses,T2,Used,"Aveiro,Aveiro,Cacia",45000,248,"181,45",41,9
218,13/05/21,Houses,T4,New,"Aveiro, Glória e Vera Cruz",423150,160,"2644,69",41,9
219,13/05/21,Houses,T3,Used,"Aveiro, Aradas",141500,84,"1684,52",41,9
220,13/05/21,Houses,T5,New,"Aveiro,Aveiro,Esgueira",435000,244,"1782,79",41,9
221,13/05/21,Houses,T4,Under Construction,"Aveiro,Aveiro,Cacia",310000,300,"1033,33",41,9
222,13/05/21,Houses,T4,New,"Aveiro, Glória e Vera Cruz",417900,215,"1943,72",41,9
223,13/05/21,Houses,T4,Used,"Aveiro, Eixo e Eirol",329000,266,"1236,84",41,9
224,13/05/21,Houses,T6,Used,"Ílhavo, Gafanha da Encarnação",375000,262,"1431,30",41,9
225,13/05/21,Houses,T3,Used,"Aveiro,Aveiro,Esgueira",205000,150,"1366,67",41,9
226,13/05/21,Houses,T3,New,"Aveiro, Aradas",375000,286,"1311,19",41,9
227,28/10/19,Houses,T3,Used,"Aveiro, Glória e Vera Cruz",420000,180,"2333,33",41,9
228,13/05/21,Houses,T4,Used,"Ílhavo, Gafanha da Encarnação",239000,217,"1101,38",41,9
229,13/05/21,Houses,T3,Under Construction,"Aveiro,Aveiro,Cacia",237500,190,"1250,00",41,9
230,13/05/21,Houses,T4,Under Project,"Aveiro, Aradas",385000,220,"1750,00",41,9
231,13/05/21,Houses,T3,Used,"Aveiro,Aveiro,Esgueira",198000,150,"1320,00",41,9
232,13/05/21,Houses,T3,Under Construction,"Aveiro,Aveiro,Cacia",215000,190,"1131,58",41,9
233,13/05/21,Houses,T4,Under Construction,"Aveiro, Glória e Vera Cruz",420000,300,"1400,00",41,9
234,13/05/21,Houses,T3,Used,"Aveiro,Aveiro,Esgueira",65000,117,"555,56",41,9
235,30/11/18,Houses,T4,Used,"Aveiro, Glória e Vera Cruz",440000,230,"1913,04",41,9
236,13/05/21,Houses,T4,Under Construction,"Aveiro,Aveiro,Cacia",300000,230,"1304,35",41,9
237,13/05/21,Houses,T3,Under Construction,"Aveiro, Aradas",349000,286,"1220,28",41,9
238,13/05/21,Houses,T5,Used,"Aveiro, Eixo e Eirol",249000,232,"1073,28",41,9
239,13/05/21,Houses,T3,Used,"Aveiro,Aveiro,Cacia",175000,400,"437,50",41,9
240,13/05/21,Houses,T4,New,"Aveiro,Aveiro,Esgueira",465000,293,"1587,03",41,9
241,13/05/21,Houses,T3,New,"Aveiro, Aradas",285000,144,"1979,17",41,9
242,13/05/21,Houses,T4,Used,"Aveiro,Aveiro,Esgueira",198750,189,"1051,59",41,9
243,13/05/21,Houses,T5,Used,"Aveiro,Aveiro,Cacia",295000,250,"1180,00",41,9
244,13/05/21,Houses,T5,Used,"Aveiro,Aveiro,Esgueira",278000,203,"1369,46",41,9
245,13/05/21,Houses,T5,Used,"Aveiro, Aradas",200000,80,"2500,00",41,9
246,13/05/21,Houses,T4,New,"Aveiro,Aveiro,Cacia",315000,300,"1050,00",41,9
247,13/05/21,Houses,T3,Renovated,"Aveiro,Aveiro,Esgueira",205000,108,"1898,15",41,9
248,13/05/21,Houses,T4,Used,"Aveiro,Aveiro,Cacia",175000,176,"994,32",41,9
249,13/05/21,Houses,T3,Renovated,"Aveiro, Glória e Vera Cruz",380000,126,"3015,87",41,9
250,13/05/21,Houses,T4,Used,"Aveiro, Aradas",268000,257,"1042,80",41,9
251,13/05/21,Houses,T4,Under Construction,"Aveiro,Aveiro,Cacia",235000,131,"1793,89",41,9
252,13/05/21,Houses,T4,New,"Aveiro, Glória e Vera Cruz",423150,221,"1914,71",41,9
253,13/05/21,Houses,T3,Used,"Aveiro,Aveiro,Esgueira",65000,95,"684,21",41,9
254,13/05/21,Houses,T4,New,"Aveiro,Aveiro,Cacia",215000,270,"796,30",41,9
255,13/05/21,Houses,T6,Used,"Aveiro, Aradas",500000,271,"1845,02",41,9
256,13/05/21,Houses,T4,Used,"Aveiro,Aveiro,Cacia",340000,260,"1307,69",41,9
257,13/05/21,Houses,T5,Used,"Aveiro,Aveiro,Esgueira",292500,253,"1156,13",41,9
258,13/05/21,Houses,T3,Used,"Aveiro, Glória e Vera Cruz",460000,205,"2243,90",41,9
259,13/05/21,Houses,T5,Used,"Ílhavo, Gafanha da Nazaré",235000,220,"1068,18",40,8
260,13/05/21,Houses,T3,Under Construction,"Aveiro,Aveiro,Cacia",235000,260,"903,85",41,9
261,13/05/21,Houses,T2,Used,"Aveiro, Aradas",95000,120,"791,67",41,9
262,13/05/21,Houses,T4,Used,"Aveiro, Glória e Vera Cruz",440000,220,"2000,00",41,9
263,13/05/21,Houses,T4,Used,"Aveiro,Aveiro,Esgueira",350000,381,"918,64",41,9
264,13/05/21,Houses,T6,Used,"Ílhavo, Gafanha da Nazaré",235000,541,"434,38",41,9
265,08/05/19,Houses,T4,Under Project,"Aveiro,Aveiro,Oliveirinha",500000,270,"1851,85",40.607778,-8.591389
266,13/05/21,Houses,T6,Used,"Ílhavo, São Salvador",125000,125,"1000,00",41,9
267,13/05/21,Houses,T4,New,"Aveiro, Glória e Vera Cruz",417900,216,"1934,72",41,9
268,08/05/19,Houses,T4,Used,"Aveiro,Aveiro,Esgueira",318000,270,"1177,78",40.64981569436989,-8.628535670843293
269,13/05/21,Houses,T5,Used,"Ílhavo, Gafanha da Nazaré",235000,242,"971,07",41,9
270,13/05/21,Houses,T2,Used,"Ílhavo, São Salvador",85000,70,"1214,29",41,9
271,13/05/21,Houses,T4,Used,"Aveiro,Aveiro,Oliveirinha",250000,260,"961,54",41,9
272,13/05/21,Houses,T6,To Recuperate,"Aveiro,Aveiro,Cacia",175000,400,"437,50",41,9
273,28/10/19,Houses,T3,Used,"Aveiro, Glória e Vera Cruz",420000,160,"2625,00",41,9
274,13/05/21,Houses,T5,Under Construction,"Aveiro,Aveiro,Esgueira",125000,296,"422,30",41,9
275,13/05/21,Houses,T2,Under Construction,"Ílhavo, São Salvador",155000,70,"2214,29",41,9
276,13/05/21,Houses,T4,New,"Aveiro,Aveiro,Oliveirinha",260000,239,"1087,87",41,9
277,01/10/19,Houses,T4,Used,"Aveiro,Aveiro,Cacia",220000,360,"611,11",40.68986486671045,-8.596442177700911
278,13/05/21,Houses,T4,Under Construction,"Aveiro, Aradas",385000,320,"1203,13",41,9
279,28/10/19,Houses,T4,Under Project,"Aveiro,Aveiro,Esgueira",750000,327,"2293,58",40.64981569436989,-8.628535670843293
280,28/10/19,Houses,T4,New,"Aveiro,Aveiro,Oliveirinha",270000,495,"545,45",40.607778,-8.591389
281,13/05/21,Houses,T4,Under Construction,"Aveiro,Aveiro,Esgueira",700000,350,"2000,00",41,9
282,13/05/21,Houses,T3,New,"Aveiro, Aradas",220000,151,"1456,95",41,9
283,13/05/21,Houses,T4,New,"Aveiro,Aveiro,Cacia",300000,240,"1250,00",41,9
284,13/05/21,Houses,T3,Under Construction,"Ílhavo, Gafanha da Nazaré",279000,143,"1951,05",41,9
285,13/05/21,Houses,T3,New,"Aveiro,Aveiro,Oliveirinha",415000,266,"1560,15",41,9
286,13/05/21,Houses,T3,Used,"Aveiro,Aveiro,Esgueira",350000,295,"1186,44",41,9
287,13/05/21,Houses,T3,Used,"Ílhavo, Gafanha da Nazaré",209990,222,"945,90",41,9
288,13/05/21,Houses,T3,Ruin,"Aveiro, Aradas",95000,70,"1357,14",41,9
289,13/05/21,Houses,T5,Used,"Aveiro,Aveiro,Cacia",294000,220,"1336,36",41,9
290,13/05/21,Houses,T5,Used,"Aveiro,Aveiro,Oliveirinha",1900000,350,"5428,57",41,9
291,07/09/20,Houses,T4,Used,"Ílhavo, São Salvador",258500,195,"1325,64",40.603611,-8.671111
292,13/05/21,Houses,T4,Used,"Aveiro, Aradas",449000,400,"1122,50",41,9
293,28/10/19,Houses,T4,New,"Aveiro,Aveiro,Oliveirinha",260000,418,"622,01",40.607778,-8.591389
294,13/05/21,Houses,T3,Under Construction,"Aveiro,Aveiro,Cacia",235000,230,"1021,74",41,9
295,13/05/21,Houses,T3,Used,"Ílhavo, São Salvador",165000,100,"1650,00",41,9
296,13/05/21,Houses,T4,New,"Aveiro, Aradas",385000,234,"1645,30",41,9
297,13/05/21,Houses,T5,Used,"Aveiro, Glória e Vera Cruz",710000,360,"1972,22",41,9
298,13/05/21,Houses,T4,Under Construction,"Aveiro,Aveiro,Esgueira",265000,260,"1019,23",41,9
299,13/05/21,Houses,T3,Used,"Aveiro,Aveiro,Cacia",235000,131,"1793,89",41,9
300,13/05/21,Houses,T2,Used,"Ílhavo, São Salvador",155000,98,"1581,63",41,9
301,13/05/21,Houses,T3,Used,"Aveiro, Glória e Vera Cruz",395000,147,"2687,07",41,9
302,13/05/21,Houses,T5,Used,"Aveiro,Aveiro,Oliveirinha",330000,330,"1000,00",41,9
303,30/11/18,Houses,T5,Used,"Aveiro, Glória e Vera Cruz",600000,200,"3000,00",41,9
304,13/05/21,Houses,T4,Under Construction,"Aveiro, Aradas",385000,225,"1711,11",41,9
305,13/05/21,Houses,T5,New,"Ílhavo, Gafanha da Nazaré",625000,298,"2097,32",41,9
306,13/05/21,Houses,T3,Used,"Aveiro,Aveiro,Esgueira",350000,382,"916,23",41,9
307,13/05/21,Houses,T6,Used,"Aveiro,Aveiro,Cacia",350000,505,"693,07",41,9
308,13/05/21,Houses,T4,New,"Aveiro,Aveiro,Oliveirinha",270000,400,"675,00",41,9
309,28/10/19,Houses,T4,Under Construction,"Aveiro, Glória e Vera Cruz",525000,280,"1875,00",41,9
310,13/05/21,Houses,T3,Under Construction,"Aveiro,Aveiro,Cacia",225000,150,"1500,00",41,9
311,13/05/21,Houses,T3,Used,"Aveiro, Nossa Senhora de Fátima e Nariz",85000,131,"648,85",41,9
312,13/05/21,Houses,T2,Used,"Ílhavo, São Salvador",105000,73,"1438,36",41,9
313,13/05/21,Houses,T5,Used,"Aveiro,Aveiro,Esgueira",435000,325,"1338,46",41,9
314,13/05/21,Houses,T3,Used,"Aveiro, Aradas",245000,160,"1531,25",41,9
315,13/05/21,Houses,T3,Under Project,"Aveiro, Nossa Senhora de Fátima e Nariz",210000,180,"1166,67",41,9
316,13/05/21,Houses,T3,Under Construction,"Aveiro,Aveiro,Cacia",220000,230,"956,52",41,9
317,13/05/21,Houses,T5,To Recuperate,"Aveiro,Aveiro,Cacia",235000,400,"587,50",41,9
318,13/05/21,Houses,T2,Used,"Aveiro,Aveiro,Esgueira",265000,360,"736,11",41,9
319,28/10/19,Houses,T4,Used,"Aveiro, Nossa Senhora de Fátima e Nariz",170000,107,"1588,79",40.59327539168986,-8.53913383260534
320,28/10/19,Houses,T3,Under Construction,"Aveiro, Glória e Vera Cruz",380000,142,"2676,06",40.633333,-8.6525
321,13/05/21,Houses,T4,New,"Aveiro,Aveiro,Oliveirinha",280000,560,"500,00",41,9
322,13/05/21,Houses,T4,Used,"Aveiro, Aradas",268000,228,"1175,44",41,9
323,13/05/21,Houses,T5,Used,"Aveiro,Aveiro,Esgueira",278000,171,"1625,73",41,9
324,13/05/21,Houses,T3,Used,"Aveiro,Aveiro,Cacia",85000,69,"1231,88",41,9
325,08/05/19,Houses,T4,Used,"Aveiro, Glória e Vera Cruz",485000,250,"1940,00",41,9
326,13/05/21,Houses,T2,Renovated,"Ílhavo, São Salvador",165000,105,"1571,43",41,9
327,13/05/21,Houses,T2,Under Construction,"Aveiro, Aradas",270000,145,"1862,07",41,9
328,15/07/19,Houses,T3,Under Construction,"Aveiro, Nossa Senhora de Fátima e Nariz",245000,230,"1065,22",40.59327539168986,-8.53913383260534
329,13/05/21,Houses,T3,Used,"Aveiro, Glória e Vera Cruz",320000,258,"1240,31",41,9
330,13/05/21,Houses,T4,New,"Aveiro,Aveiro,Esgueira",465000,251,"1852,59",41,9
331,13/05/21,Houses,T4,Used,"Aveiro,Aveiro,Oliveirinha",267000,204,"1308,82",41,9
332,13/05/21,Houses,T6,Renovated,"Aveiro, Aradas",510000,350,"1457,14",41,9
333,08/05/19,Houses,T5,Used,"Aveiro, Nossa Senhora de Fátima e Nariz",198000,575,"344,35",41,9
334,13/05/21,Houses,T5,Used,"Aveiro,Aveiro,Esgueira",390000,530,"735,85",41,9
335,28/10/19,Houses,T3,Under Construction,"Aveiro, Nossa Senhora de Fátima e Nariz",197500,120,"1645,83",41,9
336,13/05/21,Houses,T4,Used,"Aveiro,Aveiro,Oliveirinha",350000,358,"977,65",41,9
337,07/09/20,Houses,T4,Under Construction,"Ílhavo, São Salvador",350000,228,"1535,09",41,9
338,11/02/19,Houses,T3,Under Project,"Ílhavo, Gafanha da Nazaré",285000,240,"1187,50",41,9
339,13/05/21,Houses,T3,Under Construction,"Aveiro,Aveiro,Cacia",245000,230,"1065,22",41,9
340,13/05/21,Houses,T4,New,"Aveiro, Nossa Senhora de Fátima e Nariz",245000,223,"1098,65",41,9
341,13/05/21,Houses,T4,New,"Aveiro,Aveiro,Oliveirinha",270000,350,"771,43",41,9
342,13/05/21,Houses,T4,Used,"Ílhavo, Gafanha da Nazaré",385000,255,"1509,80",41,9
343,13/05/21,Houses,T2,Used,"Ílhavo, São Salvador",165000,74,"2229,73",41,9
344,28/10/19,Houses,T3,Under Project,"Aveiro,Aveiro,Esgueira",510000,248,"2056,45",40.64981569436989,-8.628535670843293
345,13/05/21,Houses,T3,To Recuperate,"Aveiro, Aradas",90000,120,"750,00",41,9
346,13/05/21,Houses,T3,Used,"Aveiro, Nossa Senhora de Fátima e Nariz",85000,281,"302,49",41,9
347,15/07/19,Houses,T3,New,"Ílhavo, São Salvador",250000,210,"1190,48",40.603611,-8.671111
348,28/10/19,Houses,T4,Under Project,"Aveiro,Aveiro,Esgueira",580000,292,"1986,30",40.64981569436989,-8.628535670843293
349,13/05/21,Houses,T3,Under Construction,"Aveiro,Aveiro,Oliveirinha",237500,226,"1050,88",41,9
350,13/05/21,Houses,T4,Under Construction,"Aveiro,Aveiro,Cacia",245000,131,"1870,23",41,9
351,13/05/21,Houses,T4,To Recuperate,"Aveiro, Nossa Senhora de Fátima e Nariz",110000,130,"846,15",41,9
352,13/05/21,Houses,T3,To Recuperate,"Aveiro, Aradas",95000,200,"475,00",41,9
353,13/05/21,Houses,T4,New,"Aveiro,Aveiro,Esgueira",265000,220,"1204,55",41,9
354,13/05/21,Houses,T4,New,"Aveiro, Glória e Vera Cruz",880000,359,"2451,25",41,9
355,13/05/21,Houses,T3,Used,"Aveiro,Aveiro,Cacia",255000,131,"1946,56",41,9
356,13/05/21,Houses,T4,New,"Aveiro,Aveiro,Oliveirinha",270000,361,"747,92",41,9
357,13/05/21,Houses,T6,Used,"Ílhavo, São Salvador",500000,515,"970,87",41,9
358,28/10/19,Houses,T4,Under Construction,"Aveiro, Nossa Senhora de Fátima e Nariz",275000,316,"870,25",40.59327539168986,-8.53913383260534
359,28/10/19,Houses,T4,Under Project,"Aveiro,Aveiro,Esgueira",570000,294,"1938,78",40.64981569436989,-8.628535670843293
360,13/05/21,Houses,T4,Used,"Aveiro, Glória e Vera Cruz",130000,100,"1300,00",41,9
361,13/05/21,Houses,T2,Used,"Aveiro, Aradas",160000,130,"1230,77",41,9
362,22/08/18,Houses,T3,To Recuperate,"Ílhavo, São Salvador",150000,200,"750,00",41,9
363,30/11/18,Houses,T4,New,"Aveiro,Aveiro,Oliveirinha",250000,175,"1428,57",41,9
364,13/05/21,Houses,T3,Used,"Aveiro,Aveiro,Cacia",175000,376,"465,43",41,9
365,28/10/19,Houses,T4,Under Project,"Aveiro,Aveiro,Esgueira",540000,276,"1956,52",40.64981569436989,-8.628535670843293
366,13/05/21,Houses,T4,New,"Aveiro,Aveiro,Oliveirinha",280000,485,"577,32",41,9
367,13/05/21,Houses,T5,New,"Aveiro, Glória e Vera Cruz",340000,360,"944,44",41,9
368,13/05/21,Houses,T4,Used,"Ílhavo, São Salvador",165000,186,"887,10",41,9
369,13/05/21,Houses,T3,Used,"Aveiro, Nossa Senhora de Fátima e Nariz",185000,141,"1312,06",41,9
370,28/10/19,Houses,T3,Used,"Aveiro, Glória e Vera Cruz",395000,165,"2393,94",40.633333,-8.6525
371,13/05/21,Houses,T3,Used,"Aveiro, Aradas",160000,149,"1073,83",41,9
372,13/05/21,Houses,T4,New,"Aveiro,Aveiro,Oliveirinha",260000,359,"724,23",41,9
373,13/05/21,Houses,T5,Used,"Aveiro,Aveiro,Esgueira",255000,496,"514,11",41,9
374,15/07/19,Houses,T3,Under Construction,"Aveiro, Nossa Senhora de Fátima e Nariz",210000,230,"913,04",40.59327539168986,-8.53913383260534
375,13/05/21,Houses,T4,Renovated,"Aveiro, Glória e Vera Cruz",530000,248,"2137,10",41,9
376,13/05/21,Houses,T3,Used,"Aveiro, Aradas",141500,141,"1003,55",41,9
377,13/05/21,Houses,T3,Used,"Aveiro,Aveiro,Oliveirinha",299500,204,"1468,14",41,9
378,13/05/21,Houses,T4,Under Construction,"Aveiro,Aveiro,Cacia",240000,217,"1105,99",41,9
379,11/02/19,Houses,T3,Under Project,"Ílhavo, Gafanha da Nazaré",295000,240,"1229,17",41,9
380,13/05/21,Houses,T3,Used,"Aveiro, Glória e Vera Cruz",450000,240,"1875,00",41,9
381,13/05/21,Houses,T4,New,"Aveiro,Aveiro,Oliveirinha",260000,350,"742,86",41,9
382,13/05/21,Houses,T4,Renovated,"Aveiro,Aveiro,Cacia",295000,250,"1180,00",41,9
383,13/05/21,Houses,T4,New,"Aveiro,Aveiro,Esgueira",465000,300,"1550,00",41,9
384,13/05/21,Houses,T3,New,"Aveiro, Glória e Vera Cruz",380000,150,"2533,33",41,9
385,13/05/21,Houses,T4,New,"Aveiro, Nossa Senhora de Fátima e Nariz",245000,230,"1065,22",41,9
386,13/05/21,Houses,T4,Under Project,"Aveiro,Aveiro,Esgueira",630000,386,"1632,12",41,9
387,14/03/19,Houses,T4,New,"Aveiro, Aradas",380000,227,"1674,01",40.617500,-8.647778
388,13/05/21,Houses,T4,Used,"Aveiro,Aveiro,Oliveirinha",430000,261,"1647,51",41,9
389,13/05/21,Houses,T4,Used,"Aveiro, Glória e Vera Cruz",460000,205,"2243,90",41,9
390,13/05/21,Houses,T6,To Recuperate,"Aveiro,Aveiro,Cacia",175000,576,"303,82",41,9
391,28/10/19,Houses,T4,Under Project,"Aveiro,Aveiro,Esgueira",550000,290,"1896,55",40.64981569436989,-8.628535670843293
392,15/07/19,Houses,T3,Under Construction,"Aveiro, Nossa Senhora de Fátima e Nariz",210000,309,"679,61",40.59327539168986,-8.53913383260534
393,13/05/21,Houses,T4,Used,"Aveiro,Aveiro,Oliveirinha",215000,188,"1143,62",41,9
394,28/10/19,Houses,T4,Used,"Aveiro,Aveiro,Esgueira",318000,300,"1060,00",40.64981569436989,-8.628535670843293
395,13/05/21,Houses,T3,Used,"Ílhavo, São Salvador",100000,60,"1666,67",41,9
396,13/05/21,Houses,T3,Under Construction,"Aveiro, Aradas",349000,337,"1035,61",41,9
397,13/05/21,Houses,T5,Used,"Ílhavo, Gafanha da Nazaré",350000,276,"1268,12",41,9
398,28/10/19,Houses,T4,Under Construction,"Aveiro, Glória e Vera Cruz",510000,276,"1847,83",41,9
399,13/05/21,Houses,T4,Under Construction,"Aveiro,Aveiro,Esgueira",465000,188,"2473,40",41,9
400,13/05/21,Houses,T4,Used,"Aveiro, Glória e Vera Cruz",650000,238,"2731,09",41,9
401,13/05/21,Houses,T4,New,"Ílhavo, São Salvador",375000,289,"1297,58",41,9
402,13/05/21,Houses,T3,Used,"Aveiro,Aveiro,Cacia",245000,131,"1870,23",41,9
403,13/05/21,Houses,T3,To Recuperate,"Aveiro,Aveiro,Oliveirinha",85000,100,"850,00",41,9
404,13/05/21,Houses,T5,New,"Aveiro, Glória e Vera Cruz",340000,384,"885,42",41,9
405,13/05/21,Houses,T4,Under Construction,"Aveiro, Nossa Senhora de Fátima e Nariz",350000,217,"1612,90",41,9
406,13/05/21,Houses,T1,Ruin,"Ílhavo, São Salvador",120000,130,"923,08",41,9
407,13/05/21,Houses,T4,Used,"Aveiro,Aveiro,Esgueira",465000,184,"2527,17",41,9
408,13/05/21,Houses,T3,Under Construction,"Aveiro, Nossa Senhora de Fátima e Nariz",245000,282,"868,79",41,9
409,13/05/21,Houses,T4,New,"Aveiro, Glória e Vera Cruz",530000,250,"2120,00",41,9
410,13/05/21,Houses,T3,Used,"Aveiro, Glória e Vera Cruz",212500,127,"1673,23",41,9
411,13/05/21,Houses,T6,Used,"Aveiro, Nossa Senhora de Fátima e Nariz",110000,105,"1047,62",41,9
412,30/11/18,Houses,T4,New,"Aveiro, São Jacinto",250000,290,"862,07",41,9
413,13/05/21,Houses,T2,To Recuperate,"Aveiro,Aveiro,Esgueira",65000,90,"722,22",41,9
414,13/05/21,Houses,T3,Used,"Aveiro, Nossa Senhora de Fátima e Nariz",185000,151,"1225,17",41,9
415,13/05/21,Houses,T4,Used,"Aveiro, Santa Joana",430000,275,"1563,64",41,9
416,13/05/21,Houses,T4,Renovated,"Aveiro, Glória e Vera Cruz",530000,156,"3397,44",41,9
417,28/10/19,Houses,T5,Used,"Aveiro, São Jacinto",380000,257,"1478,60",40.66326344089303,-8.728985240138417
418,07/09/20,Houses,T4,Under Project,"Ílhavo, São Salvador",450000,244,"1844,26",41,9
419,13/05/21,Houses,T4,Used,"Aveiro, São Bernardo",398000,348,"1143,68",41,9
420,13/05/21,Houses,T3,Under Construction,"Aveiro, Santa Joana",360000,225,"1600,00",41,9
421,13/05/21,Houses,T3,Used,"Aveiro, Glória e Vera Cruz",550000,350,"1571,43",41,9
422,28/10/19,Houses,T3,Used,"Aveiro, São Jacinto",320000,258,"1240,31",40.66326344089303,-8.728985240138417
423,13/05/21,Houses,T3,Under Construction,"Aveiro,Aveiro,Esgueira",260000,119,"2184,87",41,9
424,13/05/21,Houses,T4,Under Construction,"Aveiro, São Bernardo",420000,280,"1500,00",41,9
425,13/05/21,Houses,T3,Under Construction,"Aveiro, Santa Joana",295000,130,"2269,23",41,9
426,28/10/19,Houses,T4,Under Project,"Aveiro,Aveiro,Esgueira",480000,237,"2025,32",40.64981569436989,-8.628535670843293
427,13/05/21,Houses,T3,New,"Aveiro, São Bernardo",219000,153,"1431,37",41,9
428,28/10/19,Houses,T6,Used,"Aveiro, Santa Joana",235000,262,"896,95",41,9
429,29/08/18,Houses,T3,Used,"Aveiro, Glória e Vera Cruz",575000,385,"1493,51",41,9
430,13/05/21,Houses,T3,Used,"Ílhavo, São Salvador",170000,109,"1559,63",41,9
431,13/05/21,Houses,T3,Used,"Aveiro, Nossa Senhora de Fátima e Nariz",85000,133,"639,10",41,9
432,13/05/21,Houses,T4,Used,"Aveiro, Santa Joana",300000,111,"2702,70",41,9
433,16/08/18,Houses,T5,Used,"Aveiro,Aveiro,Esgueira",300000,450,"666,67",41,9
434,07/09/20,Houses,T4,Under Construction,"Ílhavo, São Salvador",280000,250,"1120,00",41,9
435,28/10/19,Houses,T4,Under Project,"Aveiro,Aveiro,Esgueira",650000,305,"2131,15",40.64981569436989,-8.628535670843293
436,13/05/21,Houses,T5,Used,"Aveiro, Nossa Senhora de Fátima e Nariz",330000,320,"1031,25",41,9
437,13/05/21,Houses,T3,New,"Aveiro, Glória e Vera Cruz",380000,128,"2968,75",41,9
438,13/05/21,Houses,T3,Used,"Aveiro, São Bernardo",209000,163,"1282,21",41,9
439,13/05/21,Houses,T3,New,"Aveiro, Santa Joana",260000,120,"2166,67",41,9
440,13/05/21,Houses,T3,New,"Aveiro, São Jacinto",275000,447,"615,21",41,9
441,13/05/21,Houses,T4,Under Construction,"Aveiro, São Bernardo",485000,211,"2298,58",41,9
442,13/05/21,Houses,T2,To Recuperate,"Aveiro, Santa Joana",90000,56,"1607,14",41,9
443,13/05/21,Houses,T4,New,"Aveiro, Glória e Vera Cruz",880000,319,"2758,62",41,9
444,13/05/21,Houses,T2,To Recuperate,"Aveiro, São Bernardo",59500,54,"1101,85",41,9
445,13/05/21,Houses,T4,Used,"Aveiro, São Jacinto",350000,350,"1000,00",41,9
446,13/05/21,Houses,T6,Used,"Aveiro,Aveiro,Esgueira",200000,166,"1204,82",41,9
447,08/05/19,Houses,T3,Under Construction,"Aveiro, Santa Joana",375000,211,"1777,25",41,9
448,13/09/20,Houses,T2,Used,"Aveiro, Glória e Vera Cruz",345000,100,"3450,00",40.633333,-8.6525
449,13/05/21,Houses,T2,Used,"Ílhavo, São Salvador",95000,73,"1301,37",41,9
450,13/05/21,Houses,T3,New,"Aveiro, São Bernardo",219000,150,"1460,00",41,9
451,13/05/21,Houses,T4,Under Project,"Aveiro, Santa Joana",360000,309,"1165,05",41,9
452,08/05/19,Houses,T5,Used,"Aveiro, São Bernardo",275000,338,"813,61",40.62030487141338,-8.624948932256144
453,13/05/21,Houses,T3,To Recuperate,"Aveiro, Santa Joana",126000,65,"1938,46",41,9
454,13/05/21,Houses,T4,Used,"Aveiro,Aveiro,Esgueira",435000,219,"1986,30",41,9
455,13/05/21,Houses,T4,Under Construction,"Aveiro, São Bernardo",425000,239,"1778,24",41,9
456,13/05/21,Houses,T4,Under Project,"Aveiro, Santa Joana",650000,236,"2754,24",41,9
457,13/05/21,Houses,T4,Under Construction,"Aveiro, São Bernardo",425000,230,"1847,83",41,9
458,13/05/21,Houses,T4,Used,"Aveiro, Santa Joana",358000,300,"1193,33",40,8
459,17/08/18,Houses,T4,Under Construction,"Aveiro,Aveiro,Esgueira",275000,235,"1170,21",41,9
460,13/05/21,Houses,T3,Under Project,"Aveiro, Glória e Vera Cruz",450000,220,"2045,45",41,9
461,13/05/21,Houses,T4,Under Construction,"Aveiro, São Bernardo",335000,228,"1469,30",41,9
462,13/05/21,Houses,T3,Used,"Aveiro,Aveiro,Esgueira",170000,120,"1416,67",41,9
463,13/05/21,Houses,T4,New,"Aveiro, Glória e Vera Cruz",880000,358,"2458,10",41,9
464,13/05/21,Houses,T3,Used,"Aveiro,Aveiro,Esgueira",318000,277,"1148,01",41,9
465,13/05/21,Houses,T4,Under Construction,"Aveiro, São Bernardo",450000,278,"1618,71",41,9
466,08/05/19,Houses,T3,Used,"Aveiro,Aveiro,Esgueira",85000,92,"923,91",41,9
467,13/05/21,Houses,T5,New,"Aveiro, São Bernardo",340000,300,"1133,33",41,9
468,13/05/21,Houses,T4,Used,"Aveiro, Santa Joana",197000,320,"615,63",41,9
469,13/05/21,Houses,T4,Used,"Aveiro, Glória e Vera Cruz",460000,225,"2044,44",41,9
470,13/05/21,Houses,T3,Used,"Aveiro, São Bernardo",420000,276,"1521,74",41,9
471,13/05/21,Houses,T2,Used,"Aveiro, Santa Joana",65000,82,"792,68",41,9
472,13/05/21,Houses,T4,Under Construction,"Aveiro, São Bernardo",340000,171,"1988,30",41,9
473,13/05/21,Houses,T2,New,"Ílhavo, São Salvador",165000,72,"2291,67",41,9
474,13/05/21,Houses,T4,New,"Aveiro, Santa Joana",650000,330,"1969,70",41,9
475,13/05/21,Houses,T2,To Recuperate,"Aveiro, São Bernardo",69500,64,"1085,94",41,9
476,13/05/21,Houses,T4,Under Construction,"Aveiro, Santa Joana",340000,338,"1005,92",41,9
477,13/05/21,Houses,T5,Used,"Aveiro, São Bernardo",340000,384,"885,42",41,9
478,13/05/21,Houses,T4,Under Construction,"Aveiro, São Bernardo",360000,240,"1500,00",41,9
479,13/05/21,Houses,T6,Used,"Ílhavo, São Salvador",250000,130,"1923,08",41,9
480,13/05/21,Houses,T5,Used,"Aveiro, Santa Joana",243000,155,"1567,74",41,9
481,13/05/21,Houses,T4,Under Project,"Aveiro, São Bernardo",295000,232,"1271,55",41,9
482,07/09/20,Houses,T4,Under Construction,"Ílhavo, São Salvador",350000,207,"1690,82",40.603611,-8.671111
483,13/05/21,Houses,T5,Used,"Aveiro, São Bernardo",353000,360,"980,56",41,9
484,13/05/21,Houses,T4,Under Project,"Aveiro, Santa Joana",340000,230,"1478,26",41,9
485,13/05/21,Houses,T4,Used,"Aveiro, São Bernardo",295000,190,"1552,63",41,9
486,07/09/20,Houses,T4,Under Construction,"Ílhavo, São Salvador",290000,228,"1271,93",41,9
487,13/05/21,Houses,T5,Used,"Aveiro, Santa Joana",275000,128,"2148,44",41,9
488,13/05/21,Houses,T2,Ruin,"Aveiro, São Bernardo",110000,70,"1571,43",41,9
489,13/05/21,Houses,T5,Used,"Aveiro, São Bernardo",400000,229,"1746,72",41,9
490,13/05/21,Houses,T4,Under Construction,"Aveiro, São Bernardo",335000,210,"1595,24",41,9
491,13/05/21,Houses,T4,Under Construction,"Aveiro, São Bernardo",295000,234,"1260,68",41,9
492,13/05/21,Houses,T2,To Recuperate,"Ílhavo, São Salvador",75000,120,"625,00",41,9
493,13/05/21,Houses,T4,Under Project,"Aveiro, São Bernardo",315000,237,"1329,11",41,9
494,13/05/21,Houses,T4,Under Construction,"Aveiro, Santa Joana",485000,211,"2298,58",41,9
495,13/05/21,Houses,T4,Under Construction,"Aveiro, São Bernardo",325000,210,"1547,62",41,9
496,28/10/19,Houses,T4,Used,"Aveiro, Santa Joana",280000,191,"1465,97",40.627778,-8.615278
497,28/10/19,Houses,T3,Used,"Aveiro, Santa Joana",169000,155,"1090,32",40.627778,-8.615278
498,13/05/21,Houses,T4,New,"Aveiro, São Bernardo",340000,228,"1491,23",41,9
499,13/05/21,Houses,T4,Under Construction,"Aveiro, Santa Joana",340000,225,"1511,11",41,9
500,13/05/21,Houses,T4,New,"Aveiro, Santa Joana",360000,225,"1600,00",41,9
501,28/10/19,Houses,T6,Used,"Aveiro, Santa Joana",280000,262,"1068,70",40.627778,-8.615278
502,13/05/21,Houses,T2,Ruin,"Aveiro, São Bernardo",107500,70,"1535,71",41,9
503,13/05/21,Houses,T4,Under Construction,"Aveiro, Santa Joana",340000,183,"1857,92",41,9
504,13/05/21,Houses,T3,New,"Aveiro, São Bernardo",219000,236,"927,97",41,9
505,13/05/21,Houses,T3,Used,"Aveiro, Santa Joana",220000,95,"2315,79",41,9
506,13/05/21,Houses,T5,Used,"Aveiro, São Bernardo",299000,239,"1251,05",41,9
507,13/05/21,Houses,T2,Used,"Aveiro, Santa Joana",165000,103,"1601,94",41,9
508,13/05/21,Houses,T3,Used,"Aveiro, São Bernardo",340000,375,"906,67",41,9
509,13/05/21,Houses,T3,Used,"Aveiro, São Bernardo",100000,110,"909,09",41,9
510,13/05/21,Houses,T4,Under Construction,"Aveiro, São Bernardo",420000,220,"1909,09",41,9
511,13/05/21,Houses,T4,New,"Aveiro, São Bernardo",340000,270,"1259,26",41,9
512,13/05/21,Houses,T4,Under Construction,"Aveiro, São Bernardo",420000,210,"2000,00",41,9
513,13/05/21,Houses,T4,Under Construction,"Aveiro, São Bernardo",420000,240,"1750,00",41,9
514,13/05/21,Houses,T4,Under Construction,"Aveiro, São Bernardo",340000,210,"1619,05",41,9
515,13/05/21,Houses,T4,New,"Aveiro, São Bernardo",295000,145,"2034,48",41,9
516,13/05/21,Houses,T4,Under Construction,"Aveiro, São Bernardo",198000,278,"712,23",41,9
517,13/05/21,Houses,T6,Used,"Aveiro, São Bernardo",250000,294,"850,34",41,9
518,13/05/21,Houses,T4,Under Construction,"Aveiro, São Bernardo",290000,208,"1394,23",41,9
519,08/05/19,Houses,T6,Used,"Aveiro, São Bernardo",545000,230,"2369,57",40.62030487141338,-8.624948932256144
520,13/05/21,Houses,T4,Under Construction,"Aveiro, São Bernardo",340000,275,"1236,36",41,9
521,01/12/20,Houses,T3,Used,"Aveiro, Póvoa do Paço",50000,151,"331,13",41,9
522,14/11/20,Houses,T5,Used,"Aveiro, Mataduços",230000,127,"1811,02",41,9
523,01/12/20,Houses,T4,Used,"Aveiro, Póvoa do Paço",100000,270,"370,37",41,9
524,23/12/20,Houses,T4,Used,"Ílhavo, São Salvador",300000,126,"2380,95",41,9
525,24/11/20,Houses,T3,Used,"Aveiro, Azenha de Baixo",295000,180,"1638,89",41,9
