Entry Date;Property type;Tipology;Condition;Condition;Location;Price;Areas (sqm);Û/sqm;Built year;Distance;Latitude;Longitude;Characteristics
21/02/21;Houses;T4;Used;Used;Aveiro,êlhavo,Gafanha da Encarna‹o;570000;175;3257,14;;;;;
21/02/21;Houses;T3;Used;Used;Aveiro,êlhavo,Gafanha da Encarna‹o;320000;258;1240,31;;;;;
21/02/21;Houses;T3;Used;Used;Aveiro,êlhavo,Gafanha da Encarna‹o;315000;140;2250,00;;;;;
21/02/21;Houses;T4;Used;Used;Aveiro,êlhavo,Gafanha da Encarna‹o;237000;194;1221,65;;;;;
21/02/21;Houses;T4;Used;Used;Aveiro,êlhavo,Gafanha da Encarna‹o;580000;193;3005,18;;;;;
21/02/21;Houses;T3;Used;Used;Aveiro,êlhavo,Gafanha da Encarna‹o;750000;240;3125,00;;;;;
21/02/21;Houses;T4;Used;Used;Aveiro,êlhavo,Gafanha da Encarna‹o;375000;97,9;3830,44;;;;;
21/02/21;Houses;T4;Used;Used;Aveiro,êlhavo,Gafanha da Encarna‹o;320000;286;1118,88;;;;;
21/02/21;Houses;T3;Used;Used;Aveiro,êlhavo,Gafanha da Encarna‹o;375000;180;2083,33;;;;;
21/02/21;Houses;T3;Used;Used;Aveiro,êlhavo,Gafanha da Encarna‹o;375000;97,9;3830,44;;;;;
21/02/21;Houses;T3;Used;Used;Aveiro,êlhavo,Gafanha da Encarna‹o;400000;154,68;2585,98;;;;;
21/02/21;Houses;T3;Used;Used;Aveiro,êlhavo,Gafanha da Encarna‹o;400000;256;1562,50;;;;;
21/02/21;Houses;T3;Used;Used;Aveiro,êlhavo,Gafanha da Encarna‹o;265500;143;1856,64;;;;;
21/02/21;Houses;T3;Used;Used;Aveiro,êlhavo,Gafanha da Encarna‹o;420000;235;1787,23;;;;;
21/02/21;Houses;T4;Used;Used;Aveiro,êlhavo,Gafanha da Encarna‹o;298000;241;1236,51;;;;;
21/02/21;Houses;T3;Used;Used;Aveiro,êlhavo,Gafanha da Encarna‹o;420000;119;3529,41;;;;;
21/02/21;Houses;T3;Used;Used;Aveiro,êlhavo,Gafanha da Encarna‹o;400000;294;1360,54;;;;;
21/02/21;Houses;T4;Used;Used;Aveiro,êlhavo,Gafanha da Encarna‹o;450000;342;1315,79;;;;;
21/02/21;Houses;T3;Used;Used;Aveiro,êlhavo,Gafanha da Encarna‹o;375000;121;3099,17;;;;;
21/02/21;Houses;T3;Used;Used;Aveiro,êlhavo,Gafanha da Encarna‹o;450000;235;1914,89;;;;;
21/02/21;Houses;T3;Used;Used;Aveiro,êlhavo,Gafanha da Encarna‹o;400000;154;2597,40;;;;;
21/02/21;Houses;T2;Used;Used;Aveiro,êlhavo,Gafanha da Encarna‹o;459000;134;3425,37;;;;;
21/02/21;Houses;T3;Used;Used;Aveiro,êlhavo,Gafanha da Encarna‹o;420000;260;1615,38;;;;;
21/02/21;Houses;T3;Used;Used;Aveiro,êlhavo,Gafanha da Encarna‹o;260000;287,1;905,61;;;;;
21/02/21;Houses;T3;Used;Used;Aveiro,êlhavo,Gafanha da Encarna‹o;375000;98;3826,53;;;;;
21/02/21;Houses;T4;Used;Used;Aveiro,êlhavo,Gafanha da Encarna‹o;550000;400;1375,00;;;;;
21/02/21;Houses;T4;Used;Used;Aveiro,êlhavo,Gafanha da Encarna‹o;295000;90;3277,78;;;;;
21/02/21;Houses;T3;Used;Used;Aveiro,êlhavo,Gafanha da Encarna‹o;400000;227;1762,11;;;;;
21/02/21;Houses;T3;Used;Used;Aveiro,êlhavo,Gafanha da Encarna‹o;420000;256;1640,63;;;;;
21/02/21;Houses;T3;Used;Used;Aveiro,êlhavo,Gafanha da Encarna‹o;199000;176;1130,68;;;;;
21/02/21;Houses;T2;Used;Used;Aveiro,êlhavo,Gafanha da Encarna‹o;375000;190;1973,68;;;;;
21/02/21;Houses;T3;Used;Used;Aveiro,êlhavo,Gafanha da Encarna‹o;195000;80;2437,50;;;;;
21/02/21;Houses;T3;Used;Used;Aveiro,êlhavo,Gafanha da Encarna‹o;250000;200;1250,00;;;;;
21/02/21;Houses;T3;Used;Used;Aveiro,êlhavo,Gafanha da Encarna‹o;420000;274;1532,85;;;;;
21/02/21;Houses;T3;Used;Used;Aveiro,êlhavo,Gafanha da Encarna‹o;454000;134;3388,06;;;;;
21/02/21;Houses;T3;Used;Used;Aveiro,êlhavo,Gafanha da Encarna‹o;420000;269;1561,34;;;;;
21/02/21;Houses;T3;Used;Used;Aveiro,êlhavo,Gafanha da Encarna‹o;425000;200;2125,00;;;;;
21/02/21;Houses;T3;Used;Used;Aveiro,êlhavo,Gafanha da Encarna‹o;230000;192;1197,92;;;;;
21/02/21;Houses;T3;Used;Used;Aveiro,êlhavo,Gafanha da Encarna‹o;344000;192;1791,67;;;;;
21/02/21;Houses;T4;Used;Used;Aveiro,êlhavo,Gafanha da Encarna‹o;250000;200;1250,00;;;;;
21/02/21;Houses;T4;Used;Used;Aveiro,êlhavo,Gafanha da Encarna‹o;700000;140;5000,00;;;;;
21/02/21;Houses;T3;Used;Used;Aveiro,êlhavo,Gafanha da Encarna‹o;230000;180;1277,78;;;;;
21/02/21;Houses;T3;Used;Used;Aveiro,êlhavo,Gafanha da Encarna‹o;850000;280;3035,71;;;;;
16/02/21;Houses;T4;Used;Used;Aveiro,êlhavo,Gafanha da NazarŽ;285000;227;1255,51;;;;;
16/02/21;Houses;T4;Used;Used;Aveiro,êlhavo,Gafanha da NazarŽ;260000;177,84;1461,99;;;;;
16/02/21;Houses;T4;Used;Used;Aveiro,êlhavo,Gafanha da NazarŽ;295000;277;1064,98;;;;;
16/02/21;Houses;T4;Used;Used;Aveiro,êlhavo,Gafanha da NazarŽ;675000;463;1457,88;;;;;
16/02/21;Houses;T4;Used;Used;Aveiro,êlhavo,Gafanha da NazarŽ;385000;272;1415,44;;;;;
16/02/21;Houses;T4;Used;Used;Aveiro,êlhavo,Gafanha da NazarŽ;290000;187;1550,80;;;;;
16/02/21;Houses;T4;Used;Used;Aveiro,êlhavo,Gafanha da NazarŽ;290000;207;1400,97;;;;;
16/02/21;Houses;T4;Used;Used;Aveiro,êlhavo,Gafanha da NazarŽ;330000;240;1375,00;;;;;
16/02/21;Houses;T4;Used;Used;Aveiro,êlhavo,Gafanha da NazarŽ;255000;215,36;1184,06;;;;;
16/02/21;Houses;T4;Used;Used;Aveiro,êlhavo,Gafanha da NazarŽ;85000;187,5;453,33;;;;;
16/02/21;Houses;T4;Used;Used;Aveiro,êlhavo,Gafanha da NazarŽ;650000;351;1851,85;;;;;
16/02/21;Houses;T4;Used;Used;Aveiro,êlhavo,Gafanha da NazarŽ;700000;351;1994,30;;;;;
16/02/21;Houses;T4;Used;Used;Aveiro,êlhavo,Gafanha da NazarŽ;295000;177,84;1658,79;;;;;
16/02/21;Houses;T4;Used;Used;Aveiro,êlhavo,Gafanha da NazarŽ;285000;177,84;1602,56;;;;;
16/02/21;Houses;T4;Used;Used;Aveiro,êlhavo,Gafanha da NazarŽ;280000;238;1176,47;;;;;
16/02/21;Houses;T4;Used;Used;Aveiro,êlhavo,Gafanha da NazarŽ;700000;181,75;3851,44;;;;;
16/02/21;Houses;T4;Used;Used;Aveiro,êlhavo,Gafanha da NazarŽ;290000;200;1450,00;;;;;
16/02/21;Houses;T4;Used;Used;Aveiro,êlhavo,Gafanha da NazarŽ;365000;334;1092,81;;;;;
16/02/21;Houses;T4;Used;Used;Aveiro,êlhavo,Gafanha da NazarŽ;237500;240;989,58;;;;;
16/02/21;Houses;T4;Used;Used;Aveiro,êlhavo,Gafanha da NazarŽ;179000;142,2;1258,79;;;;;
16/02/21;Houses;T4;Used;Used;Aveiro,êlhavo,Gafanha da NazarŽ;290000;617,45;469,67;;;;;
16/02/21;Houses;T4;Used;Used;Aveiro,êlhavo,Gafanha da NazarŽ;850000;368;2309,78;;;;;
16/02/21;Houses;T4;Used;Used;Aveiro,êlhavo,Gafanha da NazarŽ;290000;203;1428,57;;;;;
16/02/21;Houses;T4;Used;Used;Aveiro,êlhavo,Gafanha da NazarŽ;590000;350;1685,71;;;;;
16/02/21;Houses;T4;Used;Used;Aveiro,êlhavo,Gafanha da NazarŽ;245000;203;1206,90;;;;;
16/02/21;Houses;T4;Used;Used;Aveiro,êlhavo,Gafanha da NazarŽ;590000;325;1815,38;;;;;
16/02/21;Houses;T4;Used;Used;Aveiro,êlhavo,Gafanha da NazarŽ;289000;90;3211,11;;;;;
16/02/21;Houses;T4;Used;Used;Aveiro,êlhavo,Gafanha da NazarŽ;260000;240;1083,33;;;;;
16/02/21;Houses;T4;Used;Used;Aveiro,êlhavo,Gafanha da NazarŽ;260000;178;1460,67;;;;;
16/02/21;Houses;T4;Used;Used;Aveiro,êlhavo,Gafanha da NazarŽ;280000;198,7;1409,16;;;;;
16/02/21;Houses;T4;Used;Used;Aveiro,êlhavo,Gafanha da NazarŽ;295000;240;1229,17;;;;;
16/02/21;Houses;T4;Used;Used;Aveiro,êlhavo,Gafanha da NazarŽ;260000;198;1313,13;;;;;
16/02/21;Houses;T4;Used;Used;Aveiro,êlhavo,Gafanha da NazarŽ;285000;238;1197,48;;;;;
16/02/21;Houses;T4;Used;Used;Aveiro,êlhavo,Gafanha da NazarŽ;450000;250;1800,00;;;;;
16/02/21;Houses;T4;Used;Used;Aveiro,êlhavo,Gafanha da NazarŽ;330000;275,1;1199,56;;;;;
16/02/21;Houses;T4;Used;Used;Aveiro,êlhavo,Gafanha da NazarŽ;330000;275;1200,00;;;;;
16/02/21;Houses;T4;Used;Used;Aveiro,êlhavo,Gafanha da NazarŽ;285000;240;1187,50;;;;;
16/02/21;Houses;T4;Used;Used;Aveiro,êlhavo,Gafanha da NazarŽ;265000;164;1615,85;;;;;
21/02/21;Houses;T4;Used;Used;Aveiro,êlhavo,Gafanha da NazarŽ;268000;146;1835,62;;;;;
21/02/21;Houses;T3;Used;Used;Aveiro,êlhavo,Gafanha da NazarŽ;490000;142;3450,70;;;;;
21/02/21;Houses;T3;Used;Used;Aveiro,êlhavo,Gafanha da NazarŽ;255000;209,6;1216,60;;;;;
21/02/21;Houses;T3;Used;Used;Aveiro,êlhavo,Gafanha da NazarŽ;190000;128;1484,38;;;;;
21/02/21;Houses;T3;Used;Used;Aveiro,êlhavo,Gafanha da NazarŽ;490000;141;3475,18;;;;;
21/02/21;Houses;T2;Used;Used;Aveiro,êlhavo,Gafanha da NazarŽ;159000;140;1135,71;;;;;
21/02/21;Houses;T3;Used;Used;Aveiro,êlhavo,Gafanha da NazarŽ;290000;187;1550,80;;;;;
21/02/21;Houses;T2;Used;Used;Aveiro,êlhavo,Gafanha da NazarŽ;159000;100;1590,00;;;;;
21/02/21;Houses;T3;Used;Used;Aveiro,êlhavo,Gafanha da NazarŽ;175000;243,3;719,28;;;;;
21/02/21;Houses;T3;Used;Used;Aveiro,êlhavo,Gafanha da NazarŽ;255000;191;1335,08;;;;;
21/02/21;Houses;T3;Used;Used;Aveiro,êlhavo,Gafanha da NazarŽ;260000;260,4;998,46;;;;;
21/02/21;Houses;T2;Used;Used;Aveiro,êlhavo,Gafanha da NazarŽ;90000;110;818,18;;;;;
21/02/21;Houses;T2;Used;Used;Aveiro,êlhavo,Gafanha da NazarŽ;155000;105;1476,19;;;;;
21/02/21;Houses;T3;Used;Used;Aveiro,êlhavo,Gafanha da NazarŽ;85000;188;452,13;;;;;
21/02/21;Houses;T2;Used;Used;Aveiro,êlhavo,Gafanha da NazarŽ;160000;150;1066,67;;;;;
21/02/21;Houses;T3;Used;Used;Aveiro,êlhavo,Gafanha da NazarŽ;380000;185;2054,05;;;;;
21/02/21;Houses;T2;Used;Used;Aveiro,êlhavo,Gafanha da NazarŽ;160000;140;1142,86;;;;;
21/02/21;Houses;T2;Used;Used;Aveiro,êlhavo,Gafanha da NazarŽ;160000;130;1230,77;;;;;
21/02/21;Houses;T3;Used;Used;Aveiro,êlhavo,Gafanha do Carmo;49900;90;554,44;;;;;
21/02/21;Houses;T4;Used;Used;Aveiro,êlhavo,Gafanha do Carmo;325000;320;1015,63;;;;;
21/02/21;Houses;T3;Used;Used;Aveiro,êlhavo,Gafanha do Carmo;85000;229;371,18;;;;;
21/02/21;Houses;T2;Used;Used;Aveiro,êlhavo,êlhavo (S‹o Salvador);199000;160;1243,75;;;;;
21/02/21;Houses;T3;Used;Used;Aveiro,êlhavo,êlhavo (S‹o Salvador);129000;60;2150,00;;;;;
21/02/21;Houses;T4;Used;Used;Aveiro,êlhavo,êlhavo (S‹o Salvador);299500;222;1349,10;;;;;
21/02/21;Houses;T3;Used;Used;Aveiro,êlhavo,êlhavo (S‹o Salvador);95000;157;605,10;;;;;
21/02/21;Houses;T2;Used;Used;Aveiro,êlhavo,êlhavo (S‹o Salvador);80000;280;285,71;;;;;
21/02/21;Houses;T3;Used;Used;Aveiro,êlhavo,êlhavo (S‹o Salvador);225000;204;1102,94;;;;;
21/02/21;Houses;T3;Used;Used;Aveiro,êlhavo,êlhavo (S‹o Salvador);139000;110;1263,64;;;;;
21/02/21;Houses;T4;Used;Used;Aveiro,êlhavo,êlhavo (S‹o Salvador);150000;200;750,00;;;;;
21/02/21;Houses;T3;Used;Used;Aveiro,êlhavo,êlhavo (S‹o Salvador);320000;171,57;1865,13;;;;;
21/02/21;Houses;T4;Used;Used;Aveiro,êlhavo,êlhavo (S‹o Salvador);115500;260;444,23;;;;;
21/02/21;Houses;T3;Used;Used;Aveiro,êlhavo,êlhavo (S‹o Salvador);69900;75;932,00;;;;;
21/02/21;Houses;T3;Used;Used;Aveiro,êlhavo,êlhavo (S‹o Salvador);148000;80;1850,00;;;;;
21/02/21;Houses;T4;Used;Used;Aveiro,êlhavo,êlhavo (S‹o Salvador);130000;200;650,00;;;;;
21/02/21;Houses;T4;Used;Used;Aveiro,êlhavo,êlhavo (S‹o Salvador);550000;248;2217,74;;;;;
21/02/21;Houses;T4;Used;Used;Aveiro,êlhavo,êlhavo (S‹o Salvador);350000;300;1166,67;;;;;
21/02/21;Houses;T4;Used;Used;Aveiro,êlhavo,êlhavo (S‹o Salvador);225000;204;1102,94;;;;;
21/02/21;Houses;T3;Used;Used;Aveiro,êlhavo,êlhavo (S‹o Salvador);120000;100;1200,00;;;;;
21/02/21;Houses;T3;Used;Used;Aveiro,êlhavo,êlhavo (S‹o Salvador);260000;210;1238,10;;;;;
21/02/21;Houses;T2;Used;Used;Aveiro,êlhavo,êlhavo (S‹o Salvador);100000;67;1492,54;;;;;
21/02/21;Houses;T2;Used;Used;Aveiro,êlhavo,êlhavo (S‹o Salvador);128000;64,7;1978,36;;;;;
21/02/21;Houses;T2;Used;Used;Aveiro,êlhavo,êlhavo (S‹o Salvador);125000;80;1562,50;;;;;
21/02/21;Houses;T2;Used;Used;Aveiro,êlhavo,êlhavo (S‹o Salvador);125000;72;1736,11;;;;;
21/02/21;Houses;T3;Used;Used;Aveiro,êlhavo,êlhavo (S‹o Salvador);75000;75;1000,00;;;;;
21/02/21;Houses;T3;Used;Used;Aveiro,êlhavo,êlhavo (S‹o Salvador);269000;150;1793,33;;;;;
21/02/21;Houses;T3;Used;Used;Aveiro,êlhavo,êlhavo (S‹o Salvador);230000;230;1000,00;;;;;
21/02/21;Houses;T3;Used;Used;Aveiro,êlhavo,êlhavo (S‹o Salvador);240000;155;1548,39;;;;;
21/02/21;Houses;T3;Used;Used;Aveiro,êlhavo,êlhavo (S‹o Salvador);230000;160;1437,50;;;;;
21/02/21;Houses;T2;Used;Used;Aveiro,êlhavo,êlhavo (S‹o Salvador);130000;75;1733,33;;;;;
21/02/21;Houses;T3;Used;Used;Aveiro,êlhavo,êlhavo (S‹o Salvador);225000;200;1125,00;;;;;
21/02/21;Houses;T4;Used;Used;Aveiro,êlhavo,êlhavo (S‹o Salvador);340000;195;1743,59;;;;;
21/02/21;Houses;T2;Used;Used;Aveiro,êlhavo,êlhavo (S‹o Salvador);95216;123,2;772,86;;;;;
21/02/21;Houses;T2;Used;Used;Aveiro,êlhavo,êlhavo (S‹o Salvador);45000;48;937,50;;;;;
21/02/21;Houses;T2;Used;Used;Aveiro,êlhavo,êlhavo (S‹o Salvador);130000;56,3;2309,06;;;;;
21/02/21;Houses;T2;Used;Used;Aveiro,êlhavo,êlhavo (S‹o Salvador);130000;81;1604,94;;;;;
21/02/21;Houses;T3;Used;Used;Aveiro,êlhavo,êlhavo (S‹o Salvador);125000;72;1736,11;;;;;
21/02/21;Houses;T3;Used;Used;Aveiro,êlhavo,êlhavo (S‹o Salvador);90000;136;661,76;;;;;
21/02/21;Houses;T3;Used;Used;Aveiro,êlhavo,êlhavo (S‹o Salvador);230000;190;1210,53;;;;;
21/02/21;Houses;T2;Used;Used;Aveiro,êlhavo,êlhavo (S‹o Salvador);165000;142;1161,97;;;;;
21/02/21;Houses;T2;Used;Used;Aveiro,êlhavo,êlhavo (S‹o Salvador);165000;75;2200,00;;;;;
21/02/21;Houses;T2;Used;Used;Aveiro,êlhavo,êlhavo (S‹o Salvador);125000;70;1785,71;;;;;
21/02/21;Houses;T4;New;New;Aveiro,êlhavo,Gafanha da Encarna‹o;375000;97;3865,98;0 Û/sqm;5 Û/sqm;41 Û/sqm;-9 Û/sqm;
21/02/21;Houses;T3;Used;Used;Aveiro,êlhavo,Gafanha da Encarna‹o;375000;97;3865,98;0 Û/sqm;9 Û/sqm;41 Û/sqm;-9 Û/sqm;
21/02/21;Houses;T3;Used;Used;Aveiro,êlhavo,Gafanha da Encarna‹o;237000;227;1044,05;0 Û/sqm;8 Û/sqm;41 Û/sqm;-9 Û/sqm;
21/02/21;Houses;T3;New;New;Aveiro,êlhavo,Gafanha da Encarna‹o;450000;260;1730,77;0 Û/sqm;7 Û/sqm;41 Û/sqm;-9 Û/sqm;
21/02/21;Houses;T3;Under Construction;Under Construction;Aveiro,êlhavo,Gafanha da Encarna‹o;240000;144;1666,67;0 Û/sqm;7 Û/sqm;41 Û/sqm;-9 Û/sqm;
21/02/21;Houses;T4;Used;Used;Aveiro,êlhavo,Gafanha da Encarna‹o;425000;356;1193,82;1 997 Û/sqm;9 Û/sqm;41 Û/sqm;-9 Û/sqm;
21/02/21;Houses;T3;Used;Used;Aveiro,êlhavo,Gafanha da Encarna‹o;459000;239;1920,50;2 010 Û/sqm;8 Û/sqm;41 Û/sqm;-9 Û/sqm;
21/02/21;Houses;T3;New;New;Aveiro,êlhavo,Gafanha da Encarna‹o;375000;151;2483,44;0 Û/sqm;5 Û/sqm;41 Û/sqm;-9 Û/sqm;
21/02/21;Houses;T4;Used;Used;Aveiro,êlhavo,Gafanha da Encarna‹o;399000;362;1102,21;0 Û/sqm;7 Û/sqm;41 Û/sqm;-9 Û/sqm;
16/02/21;Houses;T4;Under Project;Under Project;Aveiro,êlhavo,Gafanha da NazarŽ;280000;200;1400,00;0 Û/sqm;6 Û/sqm;41 Û/sqm;-9 Û/sqm;
16/02/21;Houses;T4;Under Project;Under Project;Aveiro,êlhavo,Gafanha da NazarŽ;260000;177;1468,93;0 Û/sqm;6 Û/sqm;41 Û/sqm;-9 Û/sqm;
16/02/21;Houses;T4;Under Project;Under Project;Aveiro,êlhavo,Gafanha da NazarŽ;295000;177;1666,67;0 Û/sqm;6 Û/sqm;41 Û/sqm;-9 Û/sqm;
16/02/21;Houses;T4;Under Project;Under Project;Aveiro,êlhavo,Gafanha da NazarŽ;285000;177;1610,17;0 Û/sqm;6 Û/sqm;41 Û/sqm;-9 Û/sqm;
16/02/21;Houses;T4;Used;Used;Aveiro,êlhavo,Gafanha da NazarŽ;235000;513;458,09;1 975 Û/sqm;5 Û/sqm;41 Û/sqm;-9 Û/sqm;
16/02/21;Houses;T4;Used;Used;Aveiro,êlhavo,Gafanha da NazarŽ;280000;295;949,15;0 Û/sqm;5 Û/sqm;41 Û/sqm;-9 Û/sqm;
16/02/21;Houses;T4;Used;Used;Aveiro,êlhavo,Gafanha da NazarŽ;85000;187;454,55;0 Û/sqm;6 Û/sqm;41 Û/sqm;-9 Û/sqm;
16/02/21;Houses;T4;Used;Used;Aveiro,êlhavo,Gafanha da NazarŽ;210000;233;901,29;0 Û/sqm;6 Û/sqm;41 Û/sqm;-9 Û/sqm;
16/02/21;Houses;T4;Used;Used;Aveiro,êlhavo,Gafanha da NazarŽ;700000;181;3867,40;0 Û/sqm;8 Û/sqm;41 Û/sqm;-9 Û/sqm;
21/02/21;Houses;T3;Used;Used;Aveiro,êlhavo,Gafanha da NazarŽ;260000;260;1000,00;0 Û/sqm;5 Û/sqm;41 Û/sqm;-9 Û/sqm;
21/02/21;Houses;T3;Used;Used;Aveiro,êlhavo,Gafanha da NazarŽ;159000;106;1500,00;0 Û/sqm;6 Û/sqm;41 Û/sqm;-9 Û/sqm;
21/02/21;Houses;T3;Under Construction;Under Construction;Aveiro,êlhavo,Gafanha da NazarŽ;675000;463;1457,88;2 020 Û/sqm;9 Û/sqm;41 Û/sqm;-9 Û/sqm;
21/02/21;Houses;T3;Used;Used;Aveiro,êlhavo,Gafanha da NazarŽ;675000;210;3214,29;1 999 Û/sqm;9 Û/sqm;41 Û/sqm;-9 Û/sqm;
21/02/21;Houses;T3;Used;Used;Aveiro,êlhavo,Gafanha da NazarŽ;255000;209;1220,10;0 Û/sqm;6 Û/sqm;41 Û/sqm;-9 Û/sqm;
21/02/21;Houses;T3;Used;Used;Aveiro,êlhavo,Gafanha da NazarŽ;700000;266;2631,58;0 Û/sqm;7 Û/sqm;41 Û/sqm;-9 Û/sqm;
21/02/21;Houses;T3;Used;Used;Aveiro,êlhavo,Gafanha da NazarŽ;395000;168;2351,19;0 Û/sqm;8 Û/sqm;41 Û/sqm;-9 Û/sqm;
21/02/21;Houses;T2;Renovated;Renovated;Aveiro,êlhavo,êlhavo (S‹o Salvador);130000;100;1300,00;0 Û/sqm;4 Û/sqm;41 Û/sqm;-9 Û/sqm;
21/02/21;Houses;T2;Renovated;Renovated;Aveiro,êlhavo,êlhavo (S‹o Salvador);128000;64;2000,00;0 Û/sqm;3 Û/sqm;41 Û/sqm;-9 Û/sqm;
21/02/21;Houses;T3;Under Construction;Under Construction;Aveiro,êlhavo,êlhavo (S‹o Salvador);189500;140;1353,57;0 Û/sqm;8 Û/sqm;41 Û/sqm;-9 Û/sqm;
21/02/21;Houses;T2;Used;Used;Aveiro,êlhavo,êlhavo (S‹o Salvador);95000;65;1461,54;0 Û/sqm;6 Û/sqm;41 Û/sqm;-9 Û/sqm;
21/02/21;Houses;T2;Used;Used;Aveiro,êlhavo,êlhavo (S‹o Salvador);130000;70;1857,14;0 Û/sqm;3 Û/sqm;41 Û/sqm;-9 Û/sqm;
21/02/21;Houses;T3;Renovated;Renovated;Aveiro,êlhavo,êlhavo (S‹o Salvador);139000;64;2171,88;0 Û/sqm;3 Û/sqm;41 Û/sqm;-9 Û/sqm;
21/02/21;Houses;T4;Used;Used;Aveiro,êlhavo,êlhavo (S‹o Salvador);320000;171;1871,35;0 Û/sqm;4 Û/sqm;41 Û/sqm;-9 Û/sqm;
21/02/21;Houses;T2;Renovated;Renovated;Aveiro,êlhavo,êlhavo (S‹o Salvador);135000;90;1500,00;0 Û/sqm;8 Û/sqm;41 Û/sqm;-9 Û/sqm;
21/02/21;Houses;T4;Used;Used;Aveiro,êlhavo,êlhavo (S‹o Salvador);290000;227;1277,53;0 Û/sqm;4 Û/sqm;41 Û/sqm;-9 Û/sqm;
21/02/21;Houses;T2;Used;Used;Aveiro,êlhavo,êlhavo (S‹o Salvador);165000;65;2538,46;0 Û/sqm;5 Û/sqm;41 Û/sqm;-9 Û/sqm;
21/02/21;Houses;T4;Used;Used;Aveiro,êlhavo,êlhavo (S‹o Salvador);448000;135;3318,52;0 Û/sqm;3 Û/sqm;41 Û/sqm;-9 Û/sqm;
21/02/21;Houses;T4;Used;Used;Aveiro,êlhavo,êlhavo (S‹o Salvador);320000;300;1066,67;0 Û/sqm;4 Û/sqm;41 Û/sqm;-9 Û/sqm;
21/02/21;Houses;T3;Used;Used;Aveiro,êlhavo,êlhavo (S‹o Salvador);265000;204;1299,02;0 Û/sqm;3 Û/sqm;41 Û/sqm;-9 Û/sqm;
21/02/21;Houses;T2;Used;Used;Aveiro,êlhavo,êlhavo (S‹o Salvador);130000;56;2321,43;0 Û/sqm;4 Û/sqm;41 Û/sqm;-9 Û/sqm;
21/02/21;Houses;T2;Renovated;Renovated;Aveiro,êlhavo,êlhavo (S‹o Salvador);165000;106;1556,60;0 Û/sqm;4 Û/sqm;41 Û/sqm;-9 Û/sqm;
21/02/21;Houses;T2;New;New;Aveiro,êlhavo,êlhavo (S‹o Salvador);145000;76;1907,89;2 020 Û/sqm;4 Û/sqm;41 Û/sqm;-9 Û/sqm;
21/02/21;Houses;T2;New;New;Aveiro,êlhavo,êlhavo (S‹o Salvador);130000;71;1830,99;0 Û/sqm;4 Û/sqm;41 Û/sqm;-9 Û/sqm;
21/02/21;Houses;T4;Used;Used;Aveiro,êlhavo,êlhavo (S‹o Salvador);340000;227;1497,80;0 Û/sqm;4 Û/sqm;41 Û/sqm;-9 Û/sqm;
21/02/21;Houses;T4;Used;Used;Aveiro,êlhavo,êlhavo (S‹o Salvador);215000;178;1207,87;2 006 Û/sqm;2 Û/sqm;41 Û/sqm;-9 Û/sqm;
21/02/21;Houses;T2;To Recuperate;To Recuperate;Aveiro,êlhavo,êlhavo (S‹o Salvador);69000;106;650,94;0 Û/sqm;6 Û/sqm;41 Û/sqm;-9 Û/sqm;
13/05/21;Houses;T5;Used;Used;Aveiro,êlhavo,Gafanha da NazarŽ;265000;200;1325,00;0 Û/sqm;6 Û/sqm;41 Û/sqm;-9 Û/sqm;
13/05/21;Houses;T6;Used;Used;Aveiro,êlhavo,Gafanha da Encarna‹o;420000;190;2210,53;0 Û/sqm;8 Û/sqm;41 Û/sqm;-9 Û/sqm;
13/05/21;Houses;T4;New;New;Aveiro,Aveiro,Aradas;395000;250;1580,00;2 021 Û/sqm;2 Û/sqm;41 Û/sqm;-9 Û/sqm;
13/05/21;Houses;T4;Used;Used;Aveiro,Aveiro,Cacia;290000;261;1111,11;2 007 Û/sqm;7 Û/sqm;41 Û/sqm;-9 Û/sqm;
13/05/21;Houses;T4;Used;Used;Aveiro,Aveiro,Eixo e Eirol;260000;232;1120,69;0 Û/sqm;6 Û/sqm;41 Û/sqm;-9 Û/sqm;
13/05/21;Houses;T3;New;New;Aveiro,Aveiro,Esgueira;198000;178;1112,36;0 Û/sqm;3 Û/sqm;41 Û/sqm;-9 Û/sqm;
13/05/21;Houses;T3;Under Construction;Under Construction;Aveiro,Aveiro,Aradas;375000;280;1339,29;0 Û/sqm;3 Û/sqm;41 Û/sqm;-9 Û/sqm;
13/05/21;Houses;T6;Used;Used;Aveiro,Aveiro,Eixo e Eirol;52000;125;416,00;0 Û/sqm;9 Û/sqm;41 Û/sqm;-9 Û/sqm;
13/05/21;Houses;T6;To Recuperate;To Recuperate;Aveiro,Aveiro,Cacia;175000;376;465,43;0 Û/sqm;8 Û/sqm;41 Û/sqm;-9 Û/sqm;
13/05/21;Houses;T2;Renovated;Renovated;Aveiro,Aveiro,Esgueira;320000;110;2909,09;0 Û/sqm;3 Û/sqm;41 Û/sqm;-9 Û/sqm;
13/05/21;Houses;T6;Used;Used;Aveiro,êlhavo,Gafanha da NazarŽ;280000;300;933,33;0 Û/sqm;6 Û/sqm;41 Û/sqm;-9 Û/sqm;
13/05/21;Houses;T5;Used;Used;Aveiro,êlhavo,Gafanha da Encarna‹o;210000;143;1468,53;0 Û/sqm;8 Û/sqm;41 Û/sqm;-9 Û/sqm;
13/05/21;Houses;T3;New;New;Aveiro,Aveiro,Cacia;225000;189;1190,48;0 Û/sqm;7 Û/sqm;41 Û/sqm;-9 Û/sqm;
08/05/19;Houses;T2;Ruin;Ruin;Aveiro,Aveiro,Esgueira;88000;311;282,96;0 Û/sqm;;0 Û/sqm;0 Û/sqm;
13/05/21;Houses;T3;Under Construction;Under Construction;Aveiro,Aveiro,Aradas;220000;150;1466,67;0 Û/sqm;1 Û/sqm;41 Û/sqm;-9 Û/sqm;
13/05/21;Houses;T5;Used;Used;Aveiro,Aveiro,Eixo e Eirol;255000;232;1099,14;0 Û/sqm;9 Û/sqm;41 Û/sqm;-9 Û/sqm;
13/05/21;Houses;T3;Under Construction;Under Construction;Aveiro,Aveiro,Cacia;235000;150;1566,67;0 Û/sqm;7 Û/sqm;41 Û/sqm;-9 Û/sqm;
13/05/21;Houses;T3;Used;Used;Aveiro,êlhavo,Gafanha da Encarna‹o;650000;141;4609,93;0 Û/sqm;7 Û/sqm;41 Û/sqm;-9 Û/sqm;
13/05/21;Houses;T3;Used;Used;Aveiro,Aveiro,Aradas;125000;108;1157,41;0 Û/sqm;3 Û/sqm;41 Û/sqm;-9 Û/sqm;
13/05/21;Houses;T5;Used;Used;Aveiro,Aveiro,Cacia;295000;245;1204,08;0 Û/sqm;7 Û/sqm;41 Û/sqm;-9 Û/sqm;
13/05/21;Houses;T3;Under Construction;Under Construction;Aveiro,Aveiro,Eixo e Eirol;296000;210;1409,52;0 Û/sqm;2 Û/sqm;41 Û/sqm;-9 Û/sqm;
13/05/21;Houses;T3;Used;Used;Aveiro,Aveiro,Eixo e Eirol;245000;146;1678,08;2 006 Û/sqm;7 Û/sqm;41 Û/sqm;-9 Û/sqm;
28/10/19;Houses;T3;Used;Used;Aveiro,Aveiro,Gl—ria e Vera Cruz;395000;133;2969,92;0 Û/sqm;2 Û/sqm;41 Û/sqm;-9 Û/sqm;
13/05/21;Houses;T3;Renovated;Renovated;Aveiro,Aveiro,Esgueira;198000;108;1833,33;0 Û/sqm;3 Û/sqm;41 Û/sqm;-9 Û/sqm;
13/05/21;Houses;T6;Used;Used;Aveiro,êlhavo,Gafanha da NazarŽ;455000;190;2394,74;0 Û/sqm;5 Û/sqm;41 Û/sqm;-9 Û/sqm;
13/05/21;Houses;T4;Used;Used;Aveiro,Aveiro,Eixo e Eirol;295000;296;996,62;2 002 Û/sqm;7 Û/sqm;41 Û/sqm;-9 Û/sqm;
28/10/19;Houses;T4;Under Project;Under Project;Aveiro,Aveiro,Esgueira;395000;242;1632,23;0 Û/sqm;6 Û/sqm;41 Û/sqm;-9 Û/sqm;
13/05/21;Houses;T5;Renovated;Renovated;Aveiro,Aveiro,Cacia;295000;220;1340,91;2 004 Û/sqm;7 Û/sqm;41 Û/sqm;-9 Û/sqm;
13/05/21;Houses;T4;Used;Used;Aveiro,Aveiro,Gl—ria e Vera Cruz;650000;256;2539,06;0 Û/sqm;2 Û/sqm;41 Û/sqm;-9 Û/sqm;
13/05/21;Houses;T4;New;New;Aveiro,Aveiro,Eixo e Eirol;145000;156;929,49;0 Û/sqm;8 Û/sqm;41 Û/sqm;-9 Û/sqm;
13/05/21;Houses;T2;Used;Used;Aveiro,Aveiro,Cacia;45000;248;181,45;0 Û/sqm;7 Û/sqm;41 Û/sqm;-9 Û/sqm;
13/05/21;Houses;T4;New;New;Aveiro,Aveiro,Gl—ria e Vera Cruz;423150;160;2644,69;0 Û/sqm;2 Û/sqm;41 Û/sqm;-9 Û/sqm;
13/05/21;Houses;T3;Used;Used;Aveiro,Aveiro,Aradas;141500;84;1684,52;0 Û/sqm;4 Û/sqm;41 Û/sqm;-9 Û/sqm;
13/05/21;Houses;T5;New;New;Aveiro,Aveiro,Esgueira;435000;244;1782,79;0 Û/sqm;3 Û/sqm;41 Û/sqm;-9 Û/sqm;
13/05/21;Houses;T4;Under Construction;Under Construction;Aveiro,Aveiro,Cacia;310000;300;1033,33;0 Û/sqm;8 Û/sqm;41 Û/sqm;-9 Û/sqm;
13/05/21;Houses;T4;New;New;Aveiro,Aveiro,Gl—ria e Vera Cruz;417900;215;1943,72;0 Û/sqm;2 Û/sqm;41 Û/sqm;-9 Û/sqm;
13/05/21;Houses;T4;Used;Used;Aveiro,Aveiro,Eixo e Eirol;329000;266;1236,84;0 Û/sqm;5 Û/sqm;41 Û/sqm;-9 Û/sqm;
13/05/21;Houses;T6;Used;Used;Aveiro,êlhavo,Gafanha da Encarna‹o;375000;262;1431,30;0 Û/sqm;8 Û/sqm;41 Û/sqm;-9 Û/sqm;
13/05/21;Houses;T3;Used;Used;Aveiro,Aveiro,Esgueira;205000;150;1366,67;0 Û/sqm;3 Û/sqm;41 Û/sqm;-9 Û/sqm;
13/05/21;Houses;T3;New;New;Aveiro,Aveiro,Aradas;375000;286;1311,19;0 Û/sqm;1 Û/sqm;41 Û/sqm;-9 Û/sqm;
28/10/19;Houses;T3;Used;Used;Aveiro,Aveiro,Gl—ria e Vera Cruz;420000;180;2333,33;0 Û/sqm;2 Û/sqm;41 Û/sqm;-9 Û/sqm;
13/05/21;Houses;T4;Used;Used;Aveiro,êlhavo,Gafanha da Encarna‹o;239000;217;1101,38;0 Û/sqm;7 Û/sqm;41 Û/sqm;-9 Û/sqm;
13/05/21;Houses;T3;Under Construction;Under Construction;Aveiro,Aveiro,Cacia;237500;190;1250,00;0 Û/sqm;7 Û/sqm;41 Û/sqm;-9 Û/sqm;
13/05/21;Houses;T4;Under Project;Under Project;Aveiro,Aveiro,Aradas;385000;220;1750,00;2 014 Û/sqm;2 Û/sqm;41 Û/sqm;-9 Û/sqm;
13/05/21;Houses;T3;Used;Used;Aveiro,Aveiro,Esgueira;198000;150;1320,00;0 Û/sqm;3 Û/sqm;41 Û/sqm;-9 Û/sqm;
13/05/21;Houses;T3;Under Construction;Under Construction;Aveiro,Aveiro,Cacia;215000;190;1131,58;0 Û/sqm;7 Û/sqm;41 Û/sqm;-9 Û/sqm;
13/05/21;Houses;T4;Under Construction;Under Construction;Aveiro,Aveiro,Gl—ria e Vera Cruz;420000;300;1400,00;0 Û/sqm;1 Û/sqm;41 Û/sqm;-9 Û/sqm;
13/05/21;Houses;T3;Used;Used;Aveiro,Aveiro,Esgueira;65000;117;555,56;0 Û/sqm;4 Û/sqm;41 Û/sqm;-9 Û/sqm;
30/11/18;Houses;T4;Used;Used;Aveiro,Aveiro,Gl—ria e Vera Cruz;440000;230;1913,04;0 Û/sqm;2 Û/sqm;41 Û/sqm;-9 Û/sqm;
13/05/21;Houses;T4;Under Construction;Under Construction;Aveiro,Aveiro,Cacia;300000;230;1304,35;0 Û/sqm;6 Û/sqm;41 Û/sqm;-9 Û/sqm;
13/05/21;Houses;T3;Under Construction;Under Construction;Aveiro,Aveiro,Aradas;349000;286;1220,28;0 Û/sqm;0 Û/sqm;41 Û/sqm;-9 Û/sqm;
13/05/21;Houses;T5;Used;Used;Aveiro,Aveiro,Eixo e Eirol;249000;232;1073,28;0 Û/sqm;6 Û/sqm;41 Û/sqm;-9 Û/sqm;
13/05/21;Houses;T3;Used;Used;Aveiro,Aveiro,Cacia;175000;400;437,50;0 Û/sqm;6 Û/sqm;41 Û/sqm;-9 Û/sqm;
13/05/21;Houses;T4;New;New;Aveiro,Aveiro,Esgueira;465000;293;1587,03;0 Û/sqm;7 Û/sqm;41 Û/sqm;-9 Û/sqm;
13/05/21;Houses;T3;New;New;Aveiro,Aveiro,Aradas;285000;144;1979,17;0 Û/sqm;1 Û/sqm;41 Û/sqm;-9 Û/sqm;
13/05/21;Houses;T4;Used;Used;Aveiro,Aveiro,Esgueira;198750;189;1051,59;0 Û/sqm;9 Û/sqm;41 Û/sqm;-9 Û/sqm;
13/05/21;Houses;T5;Used;Used;Aveiro,Aveiro,Cacia;295000;250;1180,00;0 Û/sqm;5 Û/sqm;41 Û/sqm;-9 Û/sqm;
13/05/21;Houses;T5;Used;Used;Aveiro,Aveiro,Esgueira;278000;203;1369,46;0 Û/sqm;3 Û/sqm;41 Û/sqm;-9 Û/sqm;
13/05/21;Houses;T5;Used;Used;Aveiro,Aveiro,Aradas;200000;80;2500,00;0 Û/sqm;2 Û/sqm;41 Û/sqm;-9 Û/sqm;
13/05/21;Houses;T4;New;New;Aveiro,Aveiro,Cacia;315000;300;1050,00;2 011 Û/sqm;6 Û/sqm;41 Û/sqm;-9 Û/sqm;
13/05/21;Houses;T3;Renovated;Renovated;Aveiro,Aveiro,Esgueira;205000;108;1898,15;0 Û/sqm;3 Û/sqm;41 Û/sqm;-9 Û/sqm;
13/05/21;Houses;T4;Used;Used;Aveiro,Aveiro,Cacia;175000;176;994,32;0 Û/sqm;6 Û/sqm;41 Û/sqm;-9 Û/sqm;
13/05/21;Houses;T3;Renovated;Renovated;Aveiro,Aveiro,Gl—ria e Vera Cruz;380000;126;3015,87;0 Û/sqm;1 Û/sqm;41 Û/sqm;-9 Û/sqm;
13/05/21;Houses;T4;Used;Used;Aveiro,Aveiro,Aradas;268000;257;1042,80;1 985 Û/sqm;0 Û/sqm;41 Û/sqm;-9 Û/sqm;
13/05/21;Houses;T4;Under Construction;Under Construction;Aveiro,Aveiro,Cacia;235000;131;1793,89;2 020 Û/sqm;7 Û/sqm;41 Û/sqm;-9 Û/sqm;
13/05/21;Houses;T4;New;New;Aveiro,Aveiro,Gl—ria e Vera Cruz;423150;221;1914,71;0 Û/sqm;2 Û/sqm;41 Û/sqm;-9 Û/sqm;
13/05/21;Houses;T3;Used;Used;Aveiro,Aveiro,Esgueira;65000;95;684,21;0 Û/sqm;4 Û/sqm;41 Û/sqm;-9 Û/sqm;
13/05/21;Houses;T4;New;New;Aveiro,Aveiro,Cacia;215000;270;796,30;0 Û/sqm;8 Û/sqm;41 Û/sqm;-9 Û/sqm;
13/05/21;Houses;T6;Used;Used;Aveiro,Aveiro,Aradas;500000;271;1845,02;0 Û/sqm;1 Û/sqm;41 Û/sqm;-9 Û/sqm;
13/05/21;Houses;T4;Used;Used;Aveiro,Aveiro,Cacia;340000;260;1307,69;0 Û/sqm;8 Û/sqm;41 Û/sqm;-9 Û/sqm;
13/05/21;Houses;T5;Used;Used;Aveiro,Aveiro,Esgueira;292500;253;1156,13;0 Û/sqm;3 Û/sqm;41 Û/sqm;-9 Û/sqm;
13/05/21;Houses;T3;Used;Used;Aveiro,Aveiro,Gl—ria e Vera Cruz;460000;205;2243,90;2 007 Û/sqm;1 Û/sqm;41 Û/sqm;-9 Û/sqm;
13/05/21;Houses;T5;Used;Used;Aveiro,êlhavo,Gafanha da NazarŽ;235000;220;1068,18;1 998 Û/sqm;127 Û/sqm;40 Û/sqm;-8 Û/sqm;
13/05/21;Houses;T3;Under Construction;Under Construction;Aveiro,Aveiro,Cacia;235000;260;903,85;2 019 Û/sqm;6 Û/sqm;41 Û/sqm;-9 Û/sqm;
13/05/21;Houses;T2;Used;Used;Aveiro,Aveiro,Aradas;95000;120;791,67;0 Û/sqm;4 Û/sqm;41 Û/sqm;-9 Û/sqm;
13/05/21;Houses;T4;Used;Used;Aveiro,Aveiro,Gl—ria e Vera Cruz;440000;220;2000,00;0 Û/sqm;3 Û/sqm;41 Û/sqm;-9 Û/sqm;
13/05/21;Houses;T4;Used;Used;Aveiro,Aveiro,Esgueira;350000;381;918,64;0 Û/sqm;6 Û/sqm;41 Û/sqm;-9 Û/sqm;
13/05/21;Houses;T6;Used;Used;Aveiro,êlhavo,Gafanha da NazarŽ;235000;541;434,38;1 940 Û/sqm;3 Û/sqm;41 Û/sqm;-9 Û/sqm;
08/05/19;Houses;T4;Under Project;Under Project;Aveiro,Aveiro,Oliveirinha;500000;270;1851,85;0 Û/sqm;;0 Û/sqm;0 Û/sqm;
13/05/21;Houses;T6;Used;Used;Aveiro,êlhavo,êlhavo (S‹o Salvador);125000;125;1000,00;0 Û/sqm;3 Û/sqm;41 Û/sqm;-9 Û/sqm;
13/05/21;Houses;T4;New;New;Aveiro,Aveiro,Gl—ria e Vera Cruz;417900;216;1934,72;0 Û/sqm;2 Û/sqm;41 Û/sqm;-9 Û/sqm;
08/05/19;Houses;T4;Used;Used;Aveiro,Aveiro,Esgueira;318000;270;1177,78;2 007 Û/sqm;;0 Û/sqm;0 Û/sqm;
13/05/21;Houses;T5;Used;Used;Aveiro,êlhavo,Gafanha da NazarŽ;235000;242;971,07;1 998 Û/sqm;6 Û/sqm;41 Û/sqm;-9 Û/sqm;
13/05/21;Houses;T2;Used;Used;Aveiro,êlhavo,êlhavo (S‹o Salvador);85000;70;1214,29;0 Û/sqm;4 Û/sqm;41 Û/sqm;-9 Û/sqm;
13/05/21;Houses;T4;Used;Used;Aveiro,Aveiro,Oliveirinha;250000;260;961,54;0 Û/sqm;4 Û/sqm;41 Û/sqm;-9 Û/sqm;
13/05/21;Houses;T6;To Recuperate;To Recuperate;Aveiro,Aveiro,Cacia;175000;400;437,50;1 914 Û/sqm;8 Û/sqm;41 Û/sqm;-9 Û/sqm;
28/10/19;Houses;T3;Used;Used;Aveiro,Aveiro,Gl—ria e Vera Cruz;420000;160;2625,00;0 Û/sqm;2 Û/sqm;41 Û/sqm;-9 Û/sqm;
13/05/21;Houses;T5;Under Construction;Under Construction;Aveiro,Aveiro,Esgueira;125000;296;422,30;1 900 Û/sqm;3 Û/sqm;41 Û/sqm;-9 Û/sqm;
13/05/21;Houses;T2;Under Construction;Under Construction;Aveiro,êlhavo,êlhavo (S‹o Salvador);155000;70;2214,29;0 Û/sqm;4 Û/sqm;41 Û/sqm;-9 Û/sqm;
13/05/21;Houses;T4;New;New;Aveiro,Aveiro,Oliveirinha;260000;239;1087,87;0 Û/sqm;4 Û/sqm;41 Û/sqm;-9 Û/sqm;
01/10/19;Houses;T4;Used;Used;Aveiro,Aveiro,Cacia;220000;360;611,11;1 992 Û/sqm;;0 Û/sqm;0 Û/sqm;
13/05/21;Houses;T4;Under Construction;Under Construction;Aveiro,Aveiro,Aradas;385000;320;1203,13;0 Û/sqm;1 Û/sqm;41 Û/sqm;-9 Û/sqm;
28/10/19;Houses;T4;Under Project;Under Project;Aveiro,Aveiro,Esgueira;750000;327;2293,58;0 Û/sqm;;0 Û/sqm;0 Û/sqm;
28/10/19;Houses;T4;New;New;Aveiro,Aveiro,Oliveirinha;270000;495;545,45;2 015 Û/sqm;;0 Û/sqm;0 Û/sqm;
13/05/21;Houses;T4;Under Construction;Under Construction;Aveiro,Aveiro,Esgueira;700000;350;2000,00;0 Û/sqm;4 Û/sqm;41 Û/sqm;-9 Û/sqm;
13/05/21;Houses;T3;New;New;Aveiro,Aveiro,Aradas;220000;151;1456,95;0 Û/sqm;1 Û/sqm;41 Û/sqm;-9 Û/sqm;
13/05/21;Houses;T4;New;New;Aveiro,Aveiro,Cacia;300000;240;1250,00;0 Û/sqm;6 Û/sqm;41 Û/sqm;-9 Û/sqm;
13/05/21;Houses;T3;Under Construction;Under Construction;Aveiro,êlhavo,Gafanha da NazarŽ;279000;143;1951,05;0 Û/sqm;5 Û/sqm;41 Û/sqm;-9 Û/sqm;
13/05/21;Houses;T3;New;New;Aveiro,Aveiro,Oliveirinha;415000;266;1560,15;2 020 Û/sqm;4 Û/sqm;41 Û/sqm;-9 Û/sqm;
13/05/21;Houses;T3;Used;Used;Aveiro,Aveiro,Esgueira;350000;295;1186,44;0 Û/sqm;4 Û/sqm;41 Û/sqm;-9 Û/sqm;
13/05/21;Houses;T3;Used;Used;Aveiro,êlhavo,Gafanha da NazarŽ;209990;222;945,90;0 Û/sqm;4 Û/sqm;41 Û/sqm;-9 Û/sqm;
13/05/21;Houses;T3;Ruin;Ruin;Aveiro,Aveiro,Aradas;95000;70;1357,14;0 Û/sqm;0 Û/sqm;41 Û/sqm;-9 Û/sqm;
13/05/21;Houses;T5;Used;Used;Aveiro,Aveiro,Cacia;294000;220;1336,36;0 Û/sqm;7 Û/sqm;41 Û/sqm;-9 Û/sqm;
13/05/21;Houses;T5;Used;Used;Aveiro,Aveiro,Oliveirinha;1900000;350;5428,57;0 Û/sqm;3 Û/sqm;41 Û/sqm;-9 Û/sqm;
07/09/20;Houses;T4;Used;Used;Aveiro,êlhavo,êlhavo (S‹o Salvador);258500;195;1325,64;0 Û/sqm;;0 Û/sqm;0 Û/sqm;
13/05/21;Houses;T4;Used;Used;Aveiro,Aveiro,Aradas;449000;400;1122,50;0 Û/sqm;1 Û/sqm;41 Û/sqm;-9 Û/sqm;
28/10/19;Houses;T4;New;New;Aveiro,Aveiro,Oliveirinha;260000;418;622,01;2 015 Û/sqm;;0 Û/sqm;0 Û/sqm;
13/05/21;Houses;T3;Under Construction;Under Construction;Aveiro,Aveiro,Cacia;235000;230;1021,74;0 Û/sqm;7 Û/sqm;41 Û/sqm;-9 Û/sqm;
13/05/21;Houses;T3;Used;Used;Aveiro,êlhavo,êlhavo (S‹o Salvador);165000;100;1650,00;0 Û/sqm;4 Û/sqm;41 Û/sqm;-9 Û/sqm;
13/05/21;Houses;T4;New;New;Aveiro,Aveiro,Aradas;385000;234;1645,30;0 Û/sqm;1 Û/sqm;41 Û/sqm;-9 Û/sqm;
13/05/21;Houses;T5;Used;Used;Aveiro,Aveiro,Gl—ria e Vera Cruz;710000;360;1972,22;0 Û/sqm;2 Û/sqm;41 Û/sqm;-9 Û/sqm;
13/05/21;Houses;T4;Under Construction;Under Construction;Aveiro,Aveiro,Esgueira;265000;260;1019,23;0 Û/sqm;6 Û/sqm;41 Û/sqm;-9 Û/sqm;
13/05/21;Houses;T3;Used;Used;Aveiro,Aveiro,Cacia;235000;131;1793,89;2 021 Û/sqm;7 Û/sqm;41 Û/sqm;-9 Û/sqm;
13/05/21;Houses;T2;Used;Used;Aveiro,êlhavo,êlhavo (S‹o Salvador);155000;98;1581,63;0 Û/sqm;4 Û/sqm;41 Û/sqm;-9 Û/sqm;
13/05/21;Houses;T3;Used;Used;Aveiro,Aveiro,Gl—ria e Vera Cruz;395000;147;2687,07;0 Û/sqm;2 Û/sqm;41 Û/sqm;-9 Û/sqm;
13/05/21;Houses;T5;Used;Used;Aveiro,Aveiro,Oliveirinha;330000;330;1000,00;2 003 Û/sqm;5 Û/sqm;41 Û/sqm;-9 Û/sqm;
30/11/18;Houses;T5;Used;Used;Aveiro,Aveiro,Gl—ria e Vera Cruz;600000;200;3000,00;1 970 Û/sqm;2 Û/sqm;41 Û/sqm;-9 Û/sqm;
13/05/21;Houses;T4;Under Construction;Under Construction;Aveiro,Aveiro,Aradas;385000;225;1711,11;0 Û/sqm;1 Û/sqm;41 Û/sqm;-9 Û/sqm;
13/05/21;Houses;T5;New;New;Aveiro,êlhavo,Gafanha da NazarŽ;625000;298;2097,32;0 Û/sqm;7 Û/sqm;41 Û/sqm;-9 Û/sqm;
13/05/21;Houses;T3;Used;Used;Aveiro,Aveiro,Esgueira;350000;382;916,23;0 Û/sqm;5 Û/sqm;41 Û/sqm;-9 Û/sqm;
13/05/21;Houses;T6;Used;Used;Aveiro,Aveiro,Cacia;350000;505;693,07;0 Û/sqm;8 Û/sqm;41 Û/sqm;-9 Û/sqm;
13/05/21;Houses;T4;New;New;Aveiro,Aveiro,Oliveirinha;270000;400;675,00;0 Û/sqm;4 Û/sqm;41 Û/sqm;-9 Û/sqm;
28/10/19;Houses;T4;Under Construction;Under Construction;Aveiro,Aveiro,Gl—ria e Vera Cruz;525000;280;1875,00;0 Û/sqm;2 Û/sqm;41 Û/sqm;-9 Û/sqm;
13/05/21;Houses;T3;Under Construction;Under Construction;Aveiro,Aveiro,Cacia;225000;150;1500,00;0 Û/sqm;8 Û/sqm;41 Û/sqm;-9 Û/sqm;
13/05/21;Houses;T3;Used;Used;Aveiro,Aveiro,Requeixo, Nossa Senhora de F‡tima e Nariz;85000;131;648,85;0 Û/sqm;10 Û/sqm;41 Û/sqm;-9 Û/sqm;
13/05/21;Houses;T2;Used;Used;Aveiro,êlhavo,êlhavo (S‹o Salvador);105000;73;1438,36;0 Û/sqm;4 Û/sqm;41 Û/sqm;-9 Û/sqm;
13/05/21;Houses;T5;Used;Used;Aveiro,Aveiro,Esgueira;435000;325;1338,46;0 Û/sqm;2 Û/sqm;41 Û/sqm;-9 Û/sqm;
13/05/21;Houses;T3;Used;Used;Aveiro,Aveiro,Aradas;245000;160;1531,25;0 Û/sqm;3 Û/sqm;41 Û/sqm;-9 Û/sqm;
13/05/21;Houses;T3;Under Project;Under Project;Aveiro,Aveiro,Requeixo, Nossa Senhora de F‡tima e Nariz;210000;180;1166,67;0 Û/sqm;8 Û/sqm;41 Û/sqm;-9 Û/sqm;
13/05/21;Houses;T3;Under Construction;Under Construction;Aveiro,Aveiro,Cacia;220000;230;956,52;0 Û/sqm;9 Û/sqm;41 Û/sqm;-9 Û/sqm;
13/05/21;Houses;T5;To Recuperate;To Recuperate;Aveiro,Aveiro,Cacia;235000;400;587,50;1 914 Û/sqm;8 Û/sqm;41 Û/sqm;-9 Û/sqm;
13/05/21;Houses;T2;Used;Used;Aveiro,Aveiro,Esgueira;265000;360;736,11;0 Û/sqm;4 Û/sqm;41 Û/sqm;-9 Û/sqm;
28/10/19;Houses;T4;Used;Used;Aveiro,Aveiro,Requeixo, Nossa Senhora de F‡tima e Nariz;170000;107;1588,79;1 968 Û/sqm;;0 Û/sqm;0 Û/sqm;
28/10/19;Houses;T3;Under Construction;Under Construction;Aveiro,Aveiro,Gl—ria e Vera Cruz;380000;142;2676,06;0 Û/sqm;;0 Û/sqm;0 Û/sqm;
13/05/21;Houses;T4;New;New;Aveiro,Aveiro,Oliveirinha;280000;560;500,00;0 Û/sqm;5 Û/sqm;41 Û/sqm;-9 Û/sqm;
13/05/21;Houses;T4;Used;Used;Aveiro,Aveiro,Aradas;268000;228;1175,44;0 Û/sqm;5 Û/sqm;41 Û/sqm;-9 Û/sqm;
13/05/21;Houses;T5;Used;Used;Aveiro,Aveiro,Esgueira;278000;171;1625,73;0 Û/sqm;3 Û/sqm;41 Û/sqm;-9 Û/sqm;
13/05/21;Houses;T3;Used;Used;Aveiro,Aveiro,Cacia;85000;69;1231,88;1 968 Û/sqm;8 Û/sqm;41 Û/sqm;-9 Û/sqm;
08/05/19;Houses;T4;Used;Used;Aveiro,Aveiro,Gl—ria e Vera Cruz;485000;250;1940,00;0 Û/sqm;2 Û/sqm;41 Û/sqm;-9 Û/sqm;
13/05/21;Houses;T2;Renovated;Renovated;Aveiro,êlhavo,êlhavo (S‹o Salvador);165000;105;1571,43;0 Û/sqm;4 Û/sqm;41 Û/sqm;-9 Û/sqm;
13/05/21;Houses;T2;Under Construction;Under Construction;Aveiro,Aveiro,Aradas;270000;145;1862,07;0 Û/sqm;1 Û/sqm;41 Û/sqm;-9 Û/sqm;
15/07/19;Houses;T3;Under Construction;Under Construction;Aveiro,Aveiro,Requeixo, Nossa Senhora de F‡tima e Nariz;245000;230;1065,22;2 015 Û/sqm;;0 Û/sqm;0 Û/sqm;
13/05/21;Houses;T3;Used;Used;Aveiro,Aveiro,Gl—ria e Vera Cruz;320000;258;1240,31;2 014 Û/sqm;17 Û/sqm;41 Û/sqm;-9 Û/sqm;
13/05/21;Houses;T4;New;New;Aveiro,Aveiro,Esgueira;465000;251;1852,59;0 Û/sqm;6 Û/sqm;41 Û/sqm;-9 Û/sqm;
13/05/21;Houses;T4;Used;Used;Aveiro,Aveiro,Oliveirinha;267000;204;1308,82;0 Û/sqm;4 Û/sqm;41 Û/sqm;-9 Û/sqm;
13/05/21;Houses;T6;Renovated;Renovated;Aveiro,Aveiro,Aradas;510000;350;1457,14;1 915 Û/sqm;1 Û/sqm;41 Û/sqm;-9 Û/sqm;
08/05/19;Houses;T5;Used;Used;Aveiro,Aveiro,Requeixo, Nossa Senhora de F‡tima e Nariz;198000;575;344,35;0 Û/sqm;10 Û/sqm;41 Û/sqm;-9 Û/sqm;
13/05/21;Houses;T5;Used;Used;Aveiro,Aveiro,Esgueira;390000;530;735,85;0 Û/sqm;3 Û/sqm;41 Û/sqm;-9 Û/sqm;
28/10/19;Houses;T3;Under Construction;Under Construction;Aveiro,Aveiro,Requeixo, Nossa Senhora de F‡tima e Nariz;197500;120;1645,83;0 Û/sqm;10 Û/sqm;41 Û/sqm;-9 Û/sqm;
13/05/21;Houses;T4;Used;Used;Aveiro,Aveiro,Oliveirinha;350000;358;977,65;0 Û/sqm;3 Û/sqm;41 Û/sqm;-9 Û/sqm;
07/09/20;Houses;T4;Under Construction;Under Construction;Aveiro,êlhavo,êlhavo (S‹o Salvador);350000;228;1535,09;0 Û/sqm;3 Û/sqm;41 Û/sqm;-9 Û/sqm;
11/02/19;Houses;T3;Under Project;Under Project;Aveiro,êlhavo,Gafanha da NazarŽ;285000;240;1187,50;0 Û/sqm;6 Û/sqm;41 Û/sqm;-9 Û/sqm;
13/05/21;Houses;T3;Under Construction;Under Construction;Aveiro,Aveiro,Cacia;245000;230;1065,22;0 Û/sqm;9 Û/sqm;41 Û/sqm;-9 Û/sqm;
13/05/21;Houses;T4;New;New;Aveiro,Aveiro,Requeixo, Nossa Senhora de F‡tima e Nariz;245000;223;1098,65;0 Û/sqm;11 Û/sqm;41 Û/sqm;-9 Û/sqm;
13/05/21;Houses;T4;New;New;Aveiro,Aveiro,Oliveirinha;270000;350;771,43;2 019 Û/sqm;4 Û/sqm;41 Û/sqm;-9 Û/sqm;
13/05/21;Houses;T4;Used;Used;Aveiro,êlhavo,Gafanha da NazarŽ;385000;255;1509,80;0 Û/sqm;6 Û/sqm;41 Û/sqm;-9 Û/sqm;
13/05/21;Houses;T2;Used;Used;Aveiro,êlhavo,êlhavo (S‹o Salvador);165000;74;2229,73;1 982 Û/sqm;6 Û/sqm;41 Û/sqm;-9 Û/sqm;
28/10/19;Houses;T3;Under Project;Under Project;Aveiro,Aveiro,Esgueira;510000;248;2056,45;0 Û/sqm;;0 Û/sqm;0 Û/sqm;
13/05/21;Houses;T3;To Recuperate;To Recuperate;Aveiro,Aveiro,Aradas;90000;120;750,00;0 Û/sqm;2 Û/sqm;41 Û/sqm;-9 Û/sqm;
13/05/21;Houses;T3;Used;Used;Aveiro,Aveiro,Requeixo, Nossa Senhora de F‡tima e Nariz;85000;281;302,49;0 Û/sqm;4 Û/sqm;41 Û/sqm;-9 Û/sqm;
15/07/19;Houses;T3;New;New;Aveiro,êlhavo,êlhavo (S‹o Salvador);250000;210;1190,48;0 Û/sqm;;0 Û/sqm;0 Û/sqm;
28/10/19;Houses;T4;Under Project;Under Project;Aveiro,Aveiro,Esgueira;580000;292;1986,30;0 Û/sqm;;0 Û/sqm;0 Û/sqm;
13/05/21;Houses;T3;Under Construction;Under Construction;Aveiro,Aveiro,Oliveirinha;237500;226;1050,88;0 Û/sqm;4 Û/sqm;41 Û/sqm;-9 Û/sqm;
13/05/21;Houses;T4;Under Construction;Under Construction;Aveiro,Aveiro,Cacia;245000;131;1870,23;2 020 Û/sqm;7 Û/sqm;41 Û/sqm;-9 Û/sqm;
13/05/21;Houses;T4;To Recuperate;To Recuperate;Aveiro,Aveiro,Requeixo, Nossa Senhora de F‡tima e Nariz;110000;130;846,15;0 Û/sqm;10 Û/sqm;41 Û/sqm;-9 Û/sqm;
13/05/21;Houses;T3;To Recuperate;To Recuperate;Aveiro,Aveiro,Aradas;95000;200;475,00;0 Û/sqm;1 Û/sqm;41 Û/sqm;-9 Û/sqm;
13/05/21;Houses;T4;New;New;Aveiro,Aveiro,Esgueira;265000;220;1204,55;0 Û/sqm;5 Û/sqm;41 Û/sqm;-9 Û/sqm;
13/05/21;Houses;T4;New;New;Aveiro,Aveiro,Gl—ria e Vera Cruz;880000;359;2451,25;0 Û/sqm;2 Û/sqm;41 Û/sqm;-9 Û/sqm;
13/05/21;Houses;T3;Used;Used;Aveiro,Aveiro,Cacia;255000;131;1946,56;2 021 Û/sqm;7 Û/sqm;41 Û/sqm;-9 Û/sqm;
13/05/21;Houses;T4;New;New;Aveiro,Aveiro,Oliveirinha;270000;361;747,92;0 Û/sqm;4 Û/sqm;41 Û/sqm;-9 Û/sqm;
13/05/21;Houses;T6;Used;Used;Aveiro,êlhavo,êlhavo (S‹o Salvador);500000;515;970,87;0 Û/sqm;5 Û/sqm;41 Û/sqm;-9 Û/sqm;
28/10/19;Houses;T4;Under Construction;Under Construction;Aveiro,Aveiro,Requeixo, Nossa Senhora de F‡tima e Nariz;275000;316;870,25;2 015 Û/sqm;;0 Û/sqm;0 Û/sqm;
28/10/19;Houses;T4;Under Project;Under Project;Aveiro,Aveiro,Esgueira;570000;294;1938,78;0 Û/sqm;;0 Û/sqm;0 Û/sqm;
13/05/21;Houses;T4;Used;Used;Aveiro,Aveiro,Gl—ria e Vera Cruz;130000;100;1300,00;0 Û/sqm;0 Û/sqm;41 Û/sqm;-9 Û/sqm;
13/05/21;Houses;T2;Used;Used;Aveiro,Aveiro,Aradas;160000;130;1230,77;0 Û/sqm;5 Û/sqm;41 Û/sqm;-9 Û/sqm;
22/08/18;Houses;T3;To Recuperate;To Recuperate;Aveiro,êlhavo,êlhavo (S‹o Salvador);150000;200;750,00;0 Û/sqm;3 Û/sqm;41 Û/sqm;-9 Û/sqm;
30/11/18;Houses;T4;New;New;Aveiro,Aveiro,Oliveirinha;250000;175;1428,57;2 017 Û/sqm;2 Û/sqm;41 Û/sqm;-9 Û/sqm;
13/05/21;Houses;T3;Used;Used;Aveiro,Aveiro,Cacia;175000;376;465,43;0 Û/sqm;8 Û/sqm;41 Û/sqm;-9 Û/sqm;
28/10/19;Houses;T4;Under Project;Under Project;Aveiro,Aveiro,Esgueira;540000;276;1956,52;0 Û/sqm;;0 Û/sqm;0 Û/sqm;
13/05/21;Houses;T4;New;New;Aveiro,Aveiro,Oliveirinha;280000;485;577,32;0 Û/sqm;4 Û/sqm;41 Û/sqm;-9 Û/sqm;
13/05/21;Houses;T5;New;New;Aveiro,Aveiro,Gl—ria e Vera Cruz;340000;360;944,44;0 Û/sqm;2 Û/sqm;41 Û/sqm;-9 Û/sqm;
13/05/21;Houses;T4;Used;Used;Aveiro,êlhavo,êlhavo (S‹o Salvador);165000;186;887,10;0 Û/sqm;4 Û/sqm;41 Û/sqm;-9 Û/sqm;
13/05/21;Houses;T3;Used;Used;Aveiro,Aveiro,Requeixo, Nossa Senhora de F‡tima e Nariz;185000;141;1312,06;0 Û/sqm;7 Û/sqm;41 Û/sqm;-9 Û/sqm;
28/10/19;Houses;T3;Used;Used;Aveiro,Aveiro,Gl—ria e Vera Cruz;395000;165;2393,94;0 Û/sqm;;0 Û/sqm;0 Û/sqm;
13/05/21;Houses;T3;Used;Used;Aveiro,Aveiro,Aradas;160000;149;1073,83;0 Û/sqm;5 Û/sqm;41 Û/sqm;-9 Û/sqm;
13/05/21;Houses;T4;New;New;Aveiro,Aveiro,Oliveirinha;260000;359;724,23;0 Û/sqm;4 Û/sqm;41 Û/sqm;-9 Û/sqm;
13/05/21;Houses;T5;Used;Used;Aveiro,Aveiro,Esgueira;255000;496;514,11;0 Û/sqm;4 Û/sqm;41 Û/sqm;-9 Û/sqm;
15/07/19;Houses;T3;Under Construction;Under Construction;Aveiro,Aveiro,Requeixo, Nossa Senhora de F‡tima e Nariz;210000;230;913,04;2 015 Û/sqm;;0 Û/sqm;0 Û/sqm;
13/05/21;Houses;T4;Renovated;Renovated;Aveiro,Aveiro,Gl—ria e Vera Cruz;530000;248;2137,10;0 Û/sqm;1 Û/sqm;41 Û/sqm;-9 Û/sqm;
13/05/21;Houses;T3;Used;Used;Aveiro,Aveiro,Aradas;141500;141;1003,55;1 982 Û/sqm;4 Û/sqm;41 Û/sqm;-9 Û/sqm;
13/05/21;Houses;T3;Used;Used;Aveiro,Aveiro,Oliveirinha;299500;204;1468,14;0 Û/sqm;5 Û/sqm;41 Û/sqm;-9 Û/sqm;
13/05/21;Houses;T4;Under Construction;Under Construction;Aveiro,Aveiro,Cacia;240000;217;1105,99;0 Û/sqm;3 Û/sqm;41 Û/sqm;-9 Û/sqm;
11/02/19;Houses;T3;Under Project;Under Project;Aveiro,êlhavo,Gafanha da NazarŽ;295000;240;1229,17;0 Û/sqm;6 Û/sqm;41 Û/sqm;-9 Û/sqm;
13/05/21;Houses;T3;Used;Used;Aveiro,Aveiro,Gl—ria e Vera Cruz;450000;240;1875,00;0 Û/sqm;2 Û/sqm;41 Û/sqm;-9 Û/sqm;
13/05/21;Houses;T4;New;New;Aveiro,Aveiro,Oliveirinha;260000;350;742,86;1 900 Û/sqm;5 Û/sqm;41 Û/sqm;-9 Û/sqm;
13/05/21;Houses;T4;Renovated;Renovated;Aveiro,Aveiro,Cacia;295000;250;1180,00;0 Û/sqm;8 Û/sqm;41 Û/sqm;-9 Û/sqm;
13/05/21;Houses;T4;New;New;Aveiro,Aveiro,Esgueira;465000;300;1550,00;0 Û/sqm;6 Û/sqm;41 Û/sqm;-9 Û/sqm;
13/05/21;Houses;T3;New;New;Aveiro,Aveiro,Gl—ria e Vera Cruz;380000;150;2533,33;0 Û/sqm;2 Û/sqm;41 Û/sqm;-9 Û/sqm;
13/05/21;Houses;T4;New;New;Aveiro,Aveiro,Requeixo, Nossa Senhora de F‡tima e Nariz;245000;230;1065,22;0 Û/sqm;6 Û/sqm;41 Û/sqm;-9 Û/sqm;
13/05/21;Houses;T4;Under Project;Under Project;Aveiro,Aveiro,Esgueira;630000;386;1632,12;0 Û/sqm;3 Û/sqm;41 Û/sqm;-9 Û/sqm;
14/03/19;Houses;T4;New;New;Aveiro,Aveiro,Aradas;380000;227;1674,01;0 Û/sqm;;0 Û/sqm;0 Û/sqm;
13/05/21;Houses;T4;Used;Used;Aveiro,Aveiro,Oliveirinha;430000;261;1647,51;2 010 Û/sqm;5 Û/sqm;41 Û/sqm;-9 Û/sqm;
13/05/21;Houses;T4;Used;Used;Aveiro,Aveiro,Gl—ria e Vera Cruz;460000;205;2243,90;0 Û/sqm;1 Û/sqm;41 Û/sqm;-9 Û/sqm;
13/05/21;Houses;T6;To Recuperate;To Recuperate;Aveiro,Aveiro,Cacia;175000;576;303,82;0 Û/sqm;6 Û/sqm;41 Û/sqm;-9 Û/sqm;
28/10/19;Houses;T4;Under Project;Under Project;Aveiro,Aveiro,Esgueira;550000;290;1896,55;0 Û/sqm;;0 Û/sqm;0 Û/sqm;
15/07/19;Houses;T3;Under Construction;Under Construction;Aveiro,Aveiro,Requeixo, Nossa Senhora de F‡tima e Nariz;210000;309;679,61;2 015 Û/sqm;;0 Û/sqm;0 Û/sqm;
13/05/21;Houses;T4;Used;Used;Aveiro,Aveiro,Oliveirinha;215000;188;1143,62;0 Û/sqm;5 Û/sqm;41 Û/sqm;-9 Û/sqm;
28/10/19;Houses;T4;Used;Used;Aveiro,Aveiro,Esgueira;318000;300;1060,00;2 007 Û/sqm;;0 Û/sqm;0 Û/sqm;
13/05/21;Houses;T3;Used;Used;Aveiro,êlhavo,êlhavo (S‹o Salvador);100000;60;1666,67;0 Û/sqm;6 Û/sqm;41 Û/sqm;-9 Û/sqm;
13/05/21;Houses;T3;Under Construction;Under Construction;Aveiro,Aveiro,Aradas;349000;337;1035,61;2 020 Û/sqm;1 Û/sqm;41 Û/sqm;-9 Û/sqm;
13/05/21;Houses;T5;Used;Used;Aveiro,êlhavo,Gafanha da NazarŽ;350000;276;1268,12;0 Û/sqm;4 Û/sqm;41 Û/sqm;-9 Û/sqm;
28/10/19;Houses;T4;Under Construction;Under Construction;Aveiro,Aveiro,Gl—ria e Vera Cruz;510000;276;1847,83;0 Û/sqm;2 Û/sqm;41 Û/sqm;-9 Û/sqm;
13/05/21;Houses;T4;Under Construction;Under Construction;Aveiro,Aveiro,Esgueira;465000;188;2473,40;0 Û/sqm;3 Û/sqm;41 Û/sqm;-9 Û/sqm;
13/05/21;Houses;T4;Used;Used;Aveiro,Aveiro,Gl—ria e Vera Cruz;650000;238;2731,09;2 000 Û/sqm;1 Û/sqm;41 Û/sqm;-9 Û/sqm;
13/05/21;Houses;T4;New;New;Aveiro,êlhavo,êlhavo (S‹o Salvador);375000;289;1297,58;0 Û/sqm;3 Û/sqm;41 Û/sqm;-9 Û/sqm;
13/05/21;Houses;T3;Used;Used;Aveiro,Aveiro,Cacia;245000;131;1870,23;2 021 Û/sqm;7 Û/sqm;41 Û/sqm;-9 Û/sqm;
13/05/21;Houses;T3;To Recuperate;To Recuperate;Aveiro,Aveiro,Oliveirinha;85000;100;850,00;0 Û/sqm;1 Û/sqm;41 Û/sqm;-9 Û/sqm;
13/05/21;Houses;T5;New;New;Aveiro,Aveiro,Gl—ria e Vera Cruz;340000;384;885,42;2 015 Û/sqm;1 Û/sqm;41 Û/sqm;-9 Û/sqm;
13/05/21;Houses;T4;Under Construction;Under Construction;Aveiro,Aveiro,Requeixo, Nossa Senhora de F‡tima e Nariz;350000;217;1612,90;0 Û/sqm;10 Û/sqm;41 Û/sqm;-9 Û/sqm;
13/05/21;Houses;T1;Ruin;Ruin;Aveiro,êlhavo,êlhavo (S‹o Salvador);120000;130;923,08;0 Û/sqm;4 Û/sqm;41 Û/sqm;-9 Û/sqm;
13/05/21;Houses;T4;Used;Used;Aveiro,Aveiro,Esgueira;465000;184;2527,17;2 020 Û/sqm;4 Û/sqm;41 Û/sqm;-9 Û/sqm;
13/05/21;Houses;T3;Under Construction;Under Construction;Aveiro,Aveiro,Requeixo, Nossa Senhora de F‡tima e Nariz;245000;282;868,79;0 Û/sqm;10 Û/sqm;41 Û/sqm;-9 Û/sqm;
13/05/21;Houses;T4;New;New;Aveiro,Aveiro,Gl—ria e Vera Cruz;530000;250;2120,00;0 Û/sqm;2 Û/sqm;41 Û/sqm;-9 Û/sqm;
13/05/21;Houses;T3;Used;Used;Aveiro,Aveiro,Gl—ria e Vera Cruz;212500;127;1673,23;0 Û/sqm;2 Û/sqm;41 Û/sqm;-9 Û/sqm;
13/05/21;Houses;T6;Used;Used;Aveiro,Aveiro,Requeixo, Nossa Senhora de F‡tima e Nariz;110000;105;1047,62;0 Û/sqm;5 Û/sqm;41 Û/sqm;-9 Û/sqm;
30/11/18;Houses;T4;New;New;Aveiro,Aveiro,S‹o Jacinto;250000;290;862,07;0 Û/sqm;2 Û/sqm;41 Û/sqm;-9 Û/sqm;
13/05/21;Houses;T2;To Recuperate;To Recuperate;Aveiro,Aveiro,Esgueira;65000;90;722,22;0 Û/sqm;3 Û/sqm;41 Û/sqm;-9 Û/sqm;
13/05/21;Houses;T3;Used;Used;Aveiro,Aveiro,Requeixo, Nossa Senhora de F‡tima e Nariz;185000;151;1225,17;0 Û/sqm;10 Û/sqm;41 Û/sqm;-9 Û/sqm;
13/05/21;Houses;T4;Used;Used;Aveiro,Aveiro,Santa Joana;430000;275;1563,64;2 007 Û/sqm;3 Û/sqm;41 Û/sqm;-9 Û/sqm;
13/05/21;Houses;T4;Renovated;Renovated;Aveiro,Aveiro,Gl—ria e Vera Cruz;530000;156;3397,44;1 968 Û/sqm;2 Û/sqm;41 Û/sqm;-9 Û/sqm;
28/10/19;Houses;T5;Used;Used;Aveiro,Aveiro,S‹o Jacinto;380000;257;1478,60;0 Û/sqm;;0 Û/sqm;0 Û/sqm;
07/09/20;Houses;T4;Under Project;Under Project;Aveiro,êlhavo,êlhavo (S‹o Salvador);450000;244;1844,26;0 Û/sqm;17 Û/sqm;41 Û/sqm;-9 Û/sqm;
13/05/21;Houses;T4;Used;Used;Aveiro,Aveiro,S‹o Bernardo;398000;348;1143,68;0 Û/sqm;2 Û/sqm;41 Û/sqm;-9 Û/sqm;
13/05/21;Houses;T3;Under Construction;Under Construction;Aveiro,Aveiro,Santa Joana;360000;225;1600,00;0 Û/sqm;2 Û/sqm;41 Û/sqm;-9 Û/sqm;
13/05/21;Houses;T3;Used;Used;Aveiro,Aveiro,Gl—ria e Vera Cruz;550000;350;1571,43;0 Û/sqm;2 Û/sqm;41 Û/sqm;-9 Û/sqm;
28/10/19;Houses;T3;Used;Used;Aveiro,Aveiro,S‹o Jacinto;320000;258;1240,31;2 014 Û/sqm;;0 Û/sqm;0 Û/sqm;
13/05/21;Houses;T3;Under Construction;Under Construction;Aveiro,Aveiro,Esgueira;260000;119;2184,87;0 Û/sqm;3 Û/sqm;41 Û/sqm;-9 Û/sqm;
13/05/21;Houses;T4;Under Construction;Under Construction;Aveiro,Aveiro,S‹o Bernardo;420000;280;1500,00;0 Û/sqm;1 Û/sqm;41 Û/sqm;-9 Û/sqm;
13/05/21;Houses;T3;Under Construction;Under Construction;Aveiro,Aveiro,Santa Joana;295000;130;2269,23;0 Û/sqm;2 Û/sqm;41 Û/sqm;-9 Û/sqm;
28/10/19;Houses;T4;Under Project;Under Project;Aveiro,Aveiro,Esgueira;480000;237;2025,32;0 Û/sqm;;0 Û/sqm;0 Û/sqm;
13/05/21;Houses;T3;New;New;Aveiro,Aveiro,S‹o Bernardo;219000;153;1431,37;2 021 Û/sqm;3 Û/sqm;41 Û/sqm;-9 Û/sqm;
28/10/19;Houses;T6;Used;Used;Aveiro,Aveiro,Santa Joana;235000;262;896,95;1 970 Û/sqm;3 Û/sqm;41 Û/sqm;-9 Û/sqm;
29/08/18;Houses;T3;Used;Used;Aveiro,Aveiro,Gl—ria e Vera Cruz;575000;385;1493,51;0 Û/sqm;2 Û/sqm;41 Û/sqm;-9 Û/sqm;
13/05/21;Houses;T3;Used;Used;Aveiro,êlhavo,êlhavo (S‹o Salvador);170000;109;1559,63;0 Û/sqm;3 Û/sqm;41 Û/sqm;-9 Û/sqm;
13/05/21;Houses;T3;Used;Used;Aveiro,Aveiro,Requeixo, Nossa Senhora de F‡tima e Nariz;85000;133;639,10;0 Û/sqm;10 Û/sqm;41 Û/sqm;-9 Û/sqm;
13/05/21;Houses;T4;Used;Used;Aveiro,Aveiro,Santa Joana;300000;111;2702,70;0 Û/sqm;2 Û/sqm;41 Û/sqm;-9 Û/sqm;
16/08/18;Houses;T5;Used;Used;Aveiro,Aveiro,Esgueira;300000;450;666,67;0 Û/sqm;2 Û/sqm;41 Û/sqm;-9 Û/sqm;
07/09/20;Houses;T4;Under Construction;Under Construction;Aveiro,êlhavo,êlhavo (S‹o Salvador);280000;250;1120,00;0 Û/sqm;3 Û/sqm;41 Û/sqm;-9 Û/sqm;
28/10/19;Houses;T4;Under Project;Under Project;Aveiro,Aveiro,Esgueira;650000;305;2131,15;0 Û/sqm;;0 Û/sqm;0 Û/sqm;
13/05/21;Houses;T5;Used;Used;Aveiro,Aveiro,Requeixo, Nossa Senhora de F‡tima e Nariz;330000;320;1031,25;0 Û/sqm;5 Û/sqm;41 Û/sqm;-9 Û/sqm;
13/05/21;Houses;T3;New;New;Aveiro,Aveiro,Gl—ria e Vera Cruz;380000;128;2968,75;0 Û/sqm;2 Û/sqm;41 Û/sqm;-9 Û/sqm;
13/05/21;Houses;T3;Used;Used;Aveiro,Aveiro,S‹o Bernardo;209000;163;1282,21;0 Û/sqm;5 Û/sqm;41 Û/sqm;-9 Û/sqm;
13/05/21;Houses;T3;New;New;Aveiro,Aveiro,Santa Joana;260000;120;2166,67;0 Û/sqm;3 Û/sqm;41 Û/sqm;-9 Û/sqm;
13/05/21;Houses;T3;New;New;Aveiro,Aveiro,S‹o Jacinto;275000;447;615,21;0 Û/sqm;9 Û/sqm;41 Û/sqm;-9 Û/sqm;
13/05/21;Houses;T4;Under Construction;Under Construction;Aveiro,Aveiro,S‹o Bernardo;485000;211;2298,58;0 Û/sqm;1 Û/sqm;41 Û/sqm;-9 Û/sqm;
13/05/21;Houses;T2;To Recuperate;To Recuperate;Aveiro,Aveiro,Santa Joana;90000;56;1607,14;0 Û/sqm;3 Û/sqm;41 Û/sqm;-9 Û/sqm;
13/05/21;Houses;T4;New;New;Aveiro,Aveiro,Gl—ria e Vera Cruz;880000;319;2758,62;0 Û/sqm;1 Û/sqm;41 Û/sqm;-9 Û/sqm;
13/05/21;Houses;T2;To Recuperate;To Recuperate;Aveiro,Aveiro,S‹o Bernardo;59500;54;1101,85;0 Û/sqm;1 Û/sqm;41 Û/sqm;-9 Û/sqm;
13/05/21;Houses;T4;Used;Used;Aveiro,Aveiro,S‹o Jacinto;350000;350;1000,00;0 Û/sqm;8 Û/sqm;41 Û/sqm;-9 Û/sqm;
13/05/21;Houses;T6;Used;Used;Aveiro,Aveiro,Esgueira;200000;166;1204,82;0 Û/sqm;10 Û/sqm;41 Û/sqm;-9 Û/sqm;
08/05/19;Houses;T3;Under Construction;Under Construction;Aveiro,Aveiro,Santa Joana;375000;211;1777,25;0 Û/sqm;3 Û/sqm;41 Û/sqm;-9 Û/sqm;
13/09/20;Houses;T2;Used;Used;Aveiro,Aveiro,Gl—ria e Vera Cruz;345000;100;3450,00;0 Û/sqm;;0 Û/sqm;0 Û/sqm;
13/05/21;Houses;T2;Used;Used;Aveiro,êlhavo,êlhavo (S‹o Salvador);95000;73;1301,37;1 900 Û/sqm;4 Û/sqm;41 Û/sqm;-9 Û/sqm;
13/05/21;Houses;T3;New;New;Aveiro,Aveiro,S‹o Bernardo;219000;150;1460,00;0 Û/sqm;3 Û/sqm;41 Û/sqm;-9 Û/sqm;
13/05/21;Houses;T4;Under Project;Under Project;Aveiro,Aveiro,Santa Joana;360000;309;1165,05;0 Û/sqm;2 Û/sqm;41 Û/sqm;-9 Û/sqm;
08/05/19;Houses;T5;Used;Used;Aveiro,Aveiro,S‹o Bernardo;275000;338;813,61;0 Û/sqm;;0 Û/sqm;0 Û/sqm;
13/05/21;Houses;T3;To Recuperate;To Recuperate;Aveiro,Aveiro,Santa Joana;126000;65;1938,46;0 Û/sqm;2 Û/sqm;41 Û/sqm;-9 Û/sqm;
13/05/21;Houses;T4;Used;Used;Aveiro,Aveiro,Esgueira;435000;219;1986,30;0 Û/sqm;4 Û/sqm;41 Û/sqm;-9 Û/sqm;
13/05/21;Houses;T4;Under Construction;Under Construction;Aveiro,Aveiro,S‹o Bernardo;425000;239;1778,24;0 Û/sqm;2 Û/sqm;41 Û/sqm;-9 Û/sqm;
13/05/21;Houses;T4;Under Project;Under Project;Aveiro,Aveiro,Santa Joana;650000;236;2754,24;0 Û/sqm;2 Û/sqm;41 Û/sqm;-9 Û/sqm;
13/05/21;Houses;T4;Under Construction;Under Construction;Aveiro,Aveiro,S‹o Bernardo;425000;230;1847,83;0 Û/sqm;2 Û/sqm;41 Û/sqm;-9 Û/sqm;
13/05/21;Houses;T4;Used;Used;Aveiro,Aveiro,Santa Joana;358000;300;1193,33;2 005 Û/sqm;127 Û/sqm;40 Û/sqm;-8 Û/sqm;
17/08/18;Houses;T4;Under Construction;Under Construction;Aveiro,Aveiro,Esgueira;275000;235;1170,21;0 Û/sqm;2 Û/sqm;41 Û/sqm;-9 Û/sqm;
13/05/21;Houses;T3;Under Project;Under Project;Aveiro,Aveiro,Gl—ria e Vera Cruz;450000;220;2045,45;0 Û/sqm;1 Û/sqm;41 Û/sqm;-9 Û/sqm;
13/05/21;Houses;T4;Under Construction;Under Construction;Aveiro,Aveiro,S‹o Bernardo;335000;228;1469,30;0 Û/sqm;3 Û/sqm;41 Û/sqm;-9 Û/sqm;
13/05/21;Houses;T3;Used;Used;Aveiro,Aveiro,Esgueira;170000;120;1416,67;0 Û/sqm;3 Û/sqm;41 Û/sqm;-9 Û/sqm;
13/05/21;Houses;T4;New;New;Aveiro,Aveiro,Gl—ria e Vera Cruz;880000;358;2458,10;0 Û/sqm;1 Û/sqm;41 Û/sqm;-9 Û/sqm;
13/05/21;Houses;T3;Used;Used;Aveiro,Aveiro,Esgueira;318000;277;1148,01;2 004 Û/sqm;3 Û/sqm;41 Û/sqm;-9 Û/sqm;
13/05/21;Houses;T4;Under Construction;Under Construction;Aveiro,Aveiro,S‹o Bernardo;450000;278;1618,71;0 Û/sqm;1 Û/sqm;41 Û/sqm;-9 Û/sqm;
08/05/19;Houses;T3;Used;Used;Aveiro,Aveiro,Esgueira;85000;92;923,91;0 Û/sqm;3 Û/sqm;41 Û/sqm;-9 Û/sqm;
13/05/21;Houses;T5;New;New;Aveiro,Aveiro,S‹o Bernardo;340000;300;1133,33;0 Û/sqm;9 Û/sqm;41 Û/sqm;-9 Û/sqm;
13/05/21;Houses;T4;Used;Used;Aveiro,Aveiro,Santa Joana;197000;320;615,63;0 Û/sqm;3 Û/sqm;41 Û/sqm;-9 Û/sqm;
13/05/21;Houses;T4;Used;Used;Aveiro,Aveiro,Gl—ria e Vera Cruz;460000;225;2044,44;0 Û/sqm;2 Û/sqm;41 Û/sqm;-9 Û/sqm;
13/05/21;Houses;T3;Used;Used;Aveiro,Aveiro,S‹o Bernardo;420000;276;1521,74;0 Û/sqm;2 Û/sqm;41 Û/sqm;-9 Û/sqm;
13/05/21;Houses;T2;Used;Used;Aveiro,Aveiro,Santa Joana;65000;82;792,68;0 Û/sqm;2 Û/sqm;41 Û/sqm;-9 Û/sqm;
13/05/21;Houses;T4;Under Construction;Under Construction;Aveiro,Aveiro,S‹o Bernardo;340000;171;1988,30;0 Û/sqm;4 Û/sqm;41 Û/sqm;-9 Û/sqm;
13/05/21;Houses;T2;New;New;Aveiro,êlhavo,êlhavo (S‹o Salvador);165000;72;2291,67;0 Û/sqm;4 Û/sqm;41 Û/sqm;-9 Û/sqm;
13/05/21;Houses;T4;New;New;Aveiro,Aveiro,Santa Joana;650000;330;1969,70;0 Û/sqm;3 Û/sqm;41 Û/sqm;-9 Û/sqm;
13/05/21;Houses;T2;To Recuperate;To Recuperate;Aveiro,Aveiro,S‹o Bernardo;69500;64;1085,94;0 Û/sqm;1 Û/sqm;41 Û/sqm;-9 Û/sqm;
13/05/21;Houses;T4;Under Construction;Under Construction;Aveiro,Aveiro,Santa Joana;340000;338;1005,92;0 Û/sqm;5 Û/sqm;41 Û/sqm;-9 Û/sqm;
13/05/21;Houses;T5;Used;Used;Aveiro,Aveiro,S‹o Bernardo;340000;384;885,42;0 Û/sqm;2 Û/sqm;41 Û/sqm;-9 Û/sqm;
13/05/21;Houses;T4;Under Construction;Under Construction;Aveiro,Aveiro,S‹o Bernardo;360000;240;1500,00;0 Û/sqm;2 Û/sqm;41 Û/sqm;-9 Û/sqm;
13/05/21;Houses;T6;Used;Used;Aveiro,êlhavo,êlhavo (S‹o Salvador);250000;130;1923,08;0 Û/sqm;4 Û/sqm;41 Û/sqm;-9 Û/sqm;
13/05/21;Houses;T5;Used;Used;Aveiro,Aveiro,Santa Joana;243000;155;1567,74;0 Û/sqm;1 Û/sqm;41 Û/sqm;-9 Û/sqm;
13/05/21;Houses;T4;Under Project;Under Project;Aveiro,Aveiro,S‹o Bernardo;295000;232;1271,55;0 Û/sqm;3 Û/sqm;41 Û/sqm;-9 Û/sqm;
07/09/20;Houses;T4;Under Construction;Under Construction;Aveiro,êlhavo,êlhavo (S‹o Salvador);350000;207;1690,82;0 Û/sqm;;0 Û/sqm;0 Û/sqm;
13/05/21;Houses;T5;Used;Used;Aveiro,Aveiro,S‹o Bernardo;353000;360;980,56;0 Û/sqm;1 Û/sqm;41 Û/sqm;-9 Û/sqm;
13/05/21;Houses;T4;Under Project;Under Project;Aveiro,Aveiro,Santa Joana;340000;230;1478,26;0 Û/sqm;3 Û/sqm;41 Û/sqm;-9 Û/sqm;
13/05/21;Houses;T4;Used;Used;Aveiro,Aveiro,S‹o Bernardo;295000;190;1552,63;0 Û/sqm;1 Û/sqm;41 Û/sqm;-9 Û/sqm;
07/09/20;Houses;T4;Under Construction;Under Construction;Aveiro,êlhavo,êlhavo (S‹o Salvador);290000;228;1271,93;0 Û/sqm;3 Û/sqm;41 Û/sqm;-9 Û/sqm;
13/05/21;Houses;T5;Used;Used;Aveiro,Aveiro,Santa Joana;275000;128;2148,44;1 993 Û/sqm;3 Û/sqm;41 Û/sqm;-9 Û/sqm;
13/05/21;Houses;T2;Ruin;Ruin;Aveiro,Aveiro,S‹o Bernardo;110000;70;1571,43;0 Û/sqm;3 Û/sqm;41 Û/sqm;-9 Û/sqm;
13/05/21;Houses;T5;Used;Used;Aveiro,Aveiro,S‹o Bernardo;400000;229;1746,72;0 Û/sqm;2 Û/sqm;41 Û/sqm;-9 Û/sqm;
13/05/21;Houses;T4;Under Construction;Under Construction;Aveiro,Aveiro,S‹o Bernardo;335000;210;1595,24;0 Û/sqm;3 Û/sqm;41 Û/sqm;-9 Û/sqm;
13/05/21;Houses;T4;Under Construction;Under Construction;Aveiro,Aveiro,S‹o Bernardo;295000;234;1260,68;0 Û/sqm;1 Û/sqm;41 Û/sqm;-9 Û/sqm;
13/05/21;Houses;T2;To Recuperate;To Recuperate;Aveiro,êlhavo,êlhavo (S‹o Salvador);75000;120;625,00;0 Û/sqm;4 Û/sqm;41 Û/sqm;-9 Û/sqm;
13/05/21;Houses;T4;Under Project;Under Project;Aveiro,Aveiro,S‹o Bernardo;315000;237;1329,11;0 Û/sqm;1 Û/sqm;41 Û/sqm;-9 Û/sqm;
13/05/21;Houses;T4;Under Construction;Under Construction;Aveiro,Aveiro,Santa Joana;485000;211;2298,58;0 Û/sqm;3 Û/sqm;41 Û/sqm;-9 Û/sqm;
13/05/21;Houses;T4;Under Construction;Under Construction;Aveiro,Aveiro,S‹o Bernardo;325000;210;1547,62;0 Û/sqm;2 Û/sqm;41 Û/sqm;-9 Û/sqm;
28/10/19;Houses;T4;Used;Used;Aveiro,Aveiro,Santa Joana;280000;191;1465,97;0 Û/sqm;;0 Û/sqm;0 Û/sqm;
28/10/19;Houses;T3;Used;Used;Aveiro,Aveiro,Santa Joana;169000;155;1090,32;0 Û/sqm;;0 Û/sqm;0 Û/sqm;
13/05/21;Houses;T4;New;New;Aveiro,Aveiro,S‹o Bernardo;340000;228;1491,23;0 Û/sqm;2 Û/sqm;41 Û/sqm;-9 Û/sqm;
13/05/21;Houses;T4;Under Construction;Under Construction;Aveiro,Aveiro,Santa Joana;340000;225;1511,11;0 Û/sqm;3 Û/sqm;41 Û/sqm;-9 Û/sqm;
13/05/21;Houses;T4;New;New;Aveiro,Aveiro,Santa Joana;360000;225;1600,00;0 Û/sqm;2 Û/sqm;41 Û/sqm;-9 Û/sqm;
28/10/19;Houses;T6;Used;Used;Aveiro,Aveiro,Santa Joana;280000;262;1068,70;0 Û/sqm;;0 Û/sqm;0 Û/sqm;
13/05/21;Houses;T2;Ruin;Ruin;Aveiro,Aveiro,S‹o Bernardo;107500;70;1535,71;0 Û/sqm;3 Û/sqm;41 Û/sqm;-9 Û/sqm;
13/05/21;Houses;T4;Under Construction;Under Construction;Aveiro,Aveiro,Santa Joana;340000;183;1857,92;0 Û/sqm;2 Û/sqm;41 Û/sqm;-9 Û/sqm;
13/05/21;Houses;T3;New;New;Aveiro,Aveiro,S‹o Bernardo;219000;236;927,97;0 Û/sqm;1 Û/sqm;41 Û/sqm;-9 Û/sqm;
13/05/21;Houses;T3;Used;Used;Aveiro,Aveiro,Santa Joana;220000;95;2315,79;2 021 Û/sqm;3 Û/sqm;41 Û/sqm;-9 Û/sqm;
13/05/21;Houses;T5;Used;Used;Aveiro,Aveiro,S‹o Bernardo;299000;239;1251,05;0 Û/sqm;1 Û/sqm;41 Û/sqm;-9 Û/sqm;
13/05/21;Houses;T2;Used;Used;Aveiro,Aveiro,Santa Joana;165000;103;1601,94;0 Û/sqm;2 Û/sqm;41 Û/sqm;-9 Û/sqm;
13/05/21;Houses;T3;Used;Used;Aveiro,Aveiro,S‹o Bernardo;340000;375;906,67;0 Û/sqm;1 Û/sqm;41 Û/sqm;-9 Û/sqm;
13/05/21;Houses;T3;Used;Used;Aveiro,Aveiro,S‹o Bernardo;100000;110;909,09;1 900 Û/sqm;1 Û/sqm;41 Û/sqm;-9 Û/sqm;
13/05/21;Houses;T4;Under Construction;Under Construction;Aveiro,Aveiro,S‹o Bernardo;420000;220;1909,09;0 Û/sqm;2 Û/sqm;41 Û/sqm;-9 Û/sqm;
13/05/21;Houses;T4;New;New;Aveiro,Aveiro,S‹o Bernardo;340000;270;1259,26;0 Û/sqm;2 Û/sqm;41 Û/sqm;-9 Û/sqm;
13/05/21;Houses;T4;Under Construction;Under Construction;Aveiro,Aveiro,S‹o Bernardo;420000;210;2000,00;0 Û/sqm;1 Û/sqm;41 Û/sqm;-9 Û/sqm;
13/05/21;Houses;T4;Under Construction;Under Construction;Aveiro,Aveiro,S‹o Bernardo;420000;240;1750,00;2 022 Û/sqm;1 Û/sqm;41 Û/sqm;-9 Û/sqm;
13/05/21;Houses;T4;Under Construction;Under Construction;Aveiro,Aveiro,S‹o Bernardo;340000;210;1619,05;0 Û/sqm;2 Û/sqm;41 Û/sqm;-9 Û/sqm;
13/05/21;Houses;T4;New;New;Aveiro,Aveiro,S‹o Bernardo;295000;145;2034,48;0 Û/sqm;1 Û/sqm;41 Û/sqm;-9 Û/sqm;
13/05/21;Houses;T4;Under Construction;Under Construction;Aveiro,Aveiro,S‹o Bernardo;198000;278;712,23;0 Û/sqm;2 Û/sqm;41 Û/sqm;-9 Û/sqm;
13/05/21;Houses;T6;Used;Used;Aveiro,Aveiro,S‹o Bernardo;250000;294;850,34;0 Û/sqm;1 Û/sqm;41 Û/sqm;-9 Û/sqm;
13/05/21;Houses;T4;Under Construction;Under Construction;Aveiro,Aveiro,S‹o Bernardo;290000;208;1394,23;0 Û/sqm;3 Û/sqm;41 Û/sqm;-9 Û/sqm;
08/05/19;Houses;T6;Used;Used;Aveiro,Aveiro,S‹o Bernardo;545000;230;2369,57;0 Û/sqm;;0 Û/sqm;0 Û/sqm;
13/05/21;Houses;T4;Under Construction;Under Construction;Aveiro,Aveiro,S‹o Bernardo;340000;275;1236,36;0 Û/sqm;3 Û/sqm;41 Û/sqm;-9 Û/sqm;
01/12/20;Houses;T3;Used;Used;Aveiro,Aveiro,Cacia,Portugal, Aveiro, Aveiro, Cacia, Povoa do Pao;50000;151;331,13;1 934 Û/sqm;6 Û/sqm;41 Û/sqm;-9 Û/sqm;
14/11/20;Houses;T5;Used;Used;Aveiro,Aveiro,Esgueira,Portugal, Aveiro, Aveiro, Esgueira, Mataduos;230000;127;1811,02;2 005 Û/sqm;3 Û/sqm;41 Û/sqm;-9 Û/sqm;Parking
01/12/20;Houses;T4;Used;Used;Aveiro,Aveiro,Esgueira,Portugal, Aveiro, Aveiro, Esgueira, Pao;100000;270;370,37;;6 Û/sqm;41 Û/sqm;-9 Û/sqm;
23/12/20;Houses;T4;Used;Used;Aveiro,êlhavo,êlhavo (S‹o Salvador),Portugal, Aveiro, êlhavo, S‹o Salvador;300000;126;2380,95;1 969 Û/sqm;4 Û/sqm;41 Û/sqm;-9 Û/sqm;Parking
24/11/20;Houses;T3;Used;Used;Aveiro,Aveiro,Santa Joana,Portugal, Aveiro, Aveiro, Santa Joana, Azenha de Baixo;295000;180;1638,89;2 007 Û/sqm;4 Û/sqm;41 Û/sqm;-9 Û/sqm;Parking
